2026-08-04 11:05:34.342: [INFO] CurrentProfilePath: C:\Users\seif9\source\repos\Luminescence v1.03E\Luminescence v1.03E\bin\x64\Debug\Luminescence v1.03E.exe.WebView2\EBWebView\Default
2026-08-04 11:05:34.342: [INFO] Profiles total count: 1
2026-08-04 11:05:34.342: [INFO] Profile: name=Profil 1 path=C:\Users\seif9\source\repos\Luminescence v1.03E\Luminescence v1.03E\bin\x64\Debug\Luminescence v1.03E.exe.WebView2\EBWebView\Default lastActive=null
2026-08-04 11:05:34.342: [INFO] LastUsedProfileDir: C:\Users\seif9\source\repos\Luminescence v1.03E\Luminescence v1.03E\bin\x64\Debug\Luminescence v1.03E.exe.WebView2\EBWebView\Default
2026-08-04 11:05:34.342: [INFO] OnDoneLoading sync enabled: 0
2026-08-04 11:05:34.342: [INFO] BookmarkModelLoaded, ids_reassigned: 0
2026-08-04 11:05:34.342: [INFO] BookmarksLoadDropped droppedNodes=0
2026-08-04 11:05:34.342: [INFO] BookmarksSnapshot Startup total=0 bar=0 other=0 mobile=0 showBar=0 showBarNTP=1
2026-08-04 11:05:39.146: [INFO] BookmarksSnapshot Shutdown total=0 bar=0 other=0 mobile=0 showBar=0 showBarNTP=1
2026-08-04 11:08:56.689: [INFO] CurrentProfilePath: C:\Users\seif9\source\repos\Luminescence v1.03E\Luminescence v1.03E\bin\x64\Debug\Luminescence v1.03E.exe.WebView2\EBWebView\Default
2026-08-04 11:08:56.689: [INFO] Profiles total count: 1
2026-08-04 11:08:56.689: [INFO] Profile: name=Profil 1 path=C:\Users\seif9\source\repos\Luminescence v1.03E\Luminescence v1.03E\bin\x64\Debug\Luminescence v1.03E.exe.WebView2\EBWebView\Default lastActive=null
2026-08-04 11:08:56.689: [INFO] LastUsedProfileDir: C:\Users\seif9\source\repos\Luminescence v1.03E\Luminescence v1.03E\bin\x64\Debug\Luminescence v1.03E.exe.WebView2\EBWebView\Default
2026-08-04 11:08:56.689: [INFO] OnDoneLoading sync enabled: 0
2026-08-04 11:08:56.689: [INFO] BookmarkModelLoaded, ids_reassigned: 0
2026-08-04 11:08:56.689: [INFO] BookmarksLoadDropped droppedNodes=0
2026-08-04 11:08:56.689: [INFO] BookmarksSnapshot Startup total=0 bar=0 other=0 mobile=0 showBar=0 showBarNTP=1
2026-08-04 11:09:00.058: [INFO] BookmarksSnapshot Shutdown total=0 bar=0 other=0 mobile=0 showBar=0 showBarNTP=1
2026-08-04 11:18:44.302: [INFO] CurrentProfilePath: C:\Users\seif9\source\repos\Luminescence v1.03E\Luminescence v1.03E\bin\x64\Debug\Luminescence v1.03E.exe.WebView2\EBWebView\Default
2026-08-04 11:18:44.302: [INFO] Profiles total count: 1
2026-08-04 11:18:44.302: [INFO] Profile: name=Profil 1 path=C:\Users\seif9\source\repos\Luminescence v1.03E\Luminescence v1.03E\bin\x64\Debug\Luminescence v1.03E.exe.WebView2\EBWebView\Default lastActive=null
2026-08-04 11:18:44.302: [INFO] LastUsedProfileDir: C:\Users\seif9\source\repos\Luminescence v1.03E\Luminescence v1.03E\bin\x64\Debug\Luminescence v1.03E.exe.WebView2\EBWebView\Default
2026-08-04 11:18:44.302: [INFO] OnDoneLoading sync enabled: 0
2026-08-04 11:18:44.302: [INFO] BookmarkModelLoaded, ids_reassigned: 0
2026-08-04 11:18:44.302: [INFO] BookmarksLoadDropped droppedNodes=0
2026-08-04 11:18:44.302: [INFO] BookmarksSnapshot Startup total=0 bar=0 other=0 mobile=0 showBar=0 showBarNTP=1
2026-08-04 11:19:42.627: [INFO] BookmarksSnapshot Shutdown total=0 bar=0 other=0 mobile=0 showBar=0 showBarNTP=1
2026-08-04 11:23:18.404: [INFO] CurrentProfilePath: C:\Users\seif9\source\repos\Luminescence v1.03E\Luminescence v1.03E\bin\x64\Debug\Luminescence v1.03E.exe.WebView2\EBWebView\Default
2026-08-04 11:23:18.404: [INFO] Profiles total count: 1
2026-08-04 11:23:18.405: [INFO] Profile: name=Profil 1 path=C:\Users\seif9\source\repos\Luminescence v1.03E\Luminescence v1.03E\bin\x64\Debug\Luminescence v1.03E.exe.WebView2\EBWebView\Default lastActive=2026-08-04T11:19:23.600Z
2026-08-04 11:23:18.405: [INFO] LastUsedProfileDir: C:\Users\seif9\source\repos\Luminescence v1.03E\Luminescence v1.03E\bin\x64\Debug\Luminescence v1.03E.exe.WebView2\EBWebView\Default
2026-08-04 11:23:18.405: [INFO] MostRecentlyActiveProfile: name=Profil 1 path=C:\Users\seif9\source\repos\Luminescence v1.03E\Luminescence v1.03E\bin\x64\Debug\Luminescence v1.03E.exe.WebView2\EBWebView\Default lastActive=2026-08-04T11:19:23.600Z
2026-08-04 11:23:18.405: [INFO] OnDoneLoading sync enabled: 0
2026-08-04 11:23:18.405: [INFO] BookmarkModelLoaded, ids_reassigned: 0
2026-08-04 11:23:18.405: [INFO] BookmarksLoadDropped droppedNodes=0
2026-08-04 11:23:18.405: [INFO] BookmarksSnapshot Startup total=0 bar=0 other=0 mobile=0 showBar=0 showBarNTP=1
2026-08-04 11:23:23.711: [INFO] BookmarksSnapshot Shutdown total=0 bar=0 other=0 mobile=0 showBar=0 showBarNTP=1
2026-08-04 11:23:49.084: [INFO] CurrentProfilePath: C:\Users\seif9\source\repos\Luminescence v1.03E\Luminescence v1.03E\bin\x64\Debug\Luminescence v1.03E.exe.WebView2\EBWebView\Default
2026-08-04 11:23:49.084: [INFO] Profiles total count: 1
2026-08-04 11:23:49.084: [INFO] Profile: name=Profil 1 path=C:\Users\seif9\source\repos\Luminescence v1.03E\Luminescence v1.03E\bin\x64\Debug\Luminescence v1.03E.exe.WebView2\EBWebView\Default lastActive=2026-08-04T11:23:20.018Z
2026-08-04 11:23:49.084: [INFO] LastUsedProfileDir: C:\Users\seif9\source\repos\Luminescence v1.03E\Luminescence v1.03E\bin\x64\Debug\Luminescence v1.03E.exe.WebView2\EBWebView\Default
2026-08-04 11:23:49.084: [INFO] MostRecentlyActiveProfile: name=Profil 1 path=C:\Users\seif9\source\repos\Luminescence v1.03E\Luminescence v1.03E\bin\x64\Debug\Luminescence v1.03E.exe.WebView2\EBWebView\Default lastActive=2026-08-04T11:23:20.018Z
2026-08-04 11:23:49.084: [INFO] OnDoneLoading sync enabled: 0
2026-08-04 11:23:49.085: [INFO] BookmarkModelLoaded, ids_reassigned: 0
2026-08-04 11:23:49.085: [INFO] BookmarksLoadDropped droppedNodes=0
2026-08-04 11:23:49.085: [INFO] BookmarksSnapshot Startup total=0 bar=0 other=0 mobile=0 showBar=0 showBarNTP=1
2026-08-04 11:23:57.976: [INFO] BookmarksSnapshot Shutdown total=0 bar=0 other=0 mobile=0 showBar=0 showBarNTP=1
2026-08-04 11:24:00.784: [INFO] CurrentProfilePath: C:\Users\seif9\source\repos\Luminescence v1.03E\Luminescence v1.03E\bin\x64\Debug\Luminescence v1.03E.exe.WebView2\EBWebView\Default
2026-08-04 11:24:00.784: [INFO] Profiles total count: 1
2026-08-04 11:24:00.784: [INFO] Profile: name=Profil 1 path=C:\Users\seif9\source\repos\Luminescence v1.03E\Luminescence v1.03E\bin\x64\Debug\Luminescence v1.03E.exe.WebView2\EBWebView\Default lastActive=2026-08-04T11:23:20.018Z
2026-08-04 11:24:00.784: [INFO] LastUsedProfileDir: C:\Users\seif9\source\repos\Luminescence v1.03E\Luminescence v1.03E\bin\x64\Debug\Luminescence v1.03E.exe.WebView2\EBWebView\Default
2026-08-04 11:24:00.784: [INFO] MostRecentlyActiveProfile: name=Profil 1 path=C:\Users\seif9\source\repos\Luminescence v1.03E\Luminescence v1.03E\bin\x64\Debug\Luminescence v1.03E.exe.WebView2\EBWebView\Default lastActive=2026-08-04T11:23:20.018Z
2026-08-04 11:24:00.784: [INFO] OnDoneLoading sync enabled: 0
2026-08-04 11:24:00.784: [INFO] BookmarkModelLoaded, ids_reassigned: 0
2026-08-04 11:24:00.784: [INFO] BookmarksLoadDropped droppedNodes=0
2026-08-04 11:24:00.784: [INFO] BookmarksSnapshot Startup total=0 bar=0 other=0 mobile=0 showBar=0 showBarNTP=1
2026-08-04 11:25:10.754: [INFO] BookmarksSnapshot Shutdown total=0 bar=0 other=0 mobile=0 showBar=0 showBarNTP=1
2026-08-04 11:26:52.607: [INFO] CurrentProfilePath: C:\Users\seif9\source\repos\Luminescence v1.03E\Luminescence v1.03E\bin\x64\Debug\Luminescence v1.03E.exe.WebView2\EBWebView\Default
2026-08-04 11:26:52.607: [INFO] Profiles total count: 1
2026-08-04 11:26:52.607: [INFO] Profile: name=Profil 1 path=C:\Users\seif9\source\repos\Luminescence v1.03E\Luminescence v1.03E\bin\x64\Debug\Luminescence v1.03E.exe.WebView2\EBWebView\Default lastActive=2026-08-04T11:23:20.018Z
2026-08-04 11:26:52.607: [INFO] LastUsedProfileDir: C:\Users\seif9\source\repos\Luminescence v1.03E\Luminescence v1.03E\bin\x64\Debug\Luminescence v1.03E.exe.WebView2\EBWebView\Default
2026-08-04 11:26:52.607: [INFO] MostRecentlyActiveProfile: name=Profil 1 path=C:\Users\seif9\source\repos\Luminescence v1.03E\Luminescence v1.03E\bin\x64\Debug\Luminescence v1.03E.exe.WebView2\EBWebView\Default lastActive=2026-08-04T11:23:20.018Z
2026-08-04 11:26:52.607: [INFO] OnDoneLoading sync enabled: 0
2026-08-04 11:26:52.607: [INFO] BookmarkModelLoaded, ids_reassigned: 0
2026-08-04 11:26:52.607: [INFO] BookmarksLoadDropped droppedNodes=0
2026-08-04 11:26:52.607: [INFO] BookmarksSnapshot Startup total=0 bar=0 other=0 mobile=0 showBar=0 showBarNTP=1
2026-08-04 11:28:27.894: [INFO] BookmarksSnapshot Shutdown total=0 bar=0 other=0 mobile=0 showBar=0 showBarNTP=1
2026-08-04 13:11:29.736: [INFO] CurrentProfilePath: C:\Users\seif9\source\repos\Luminescence v1.03E\Luminescence v1.03E\bin\x64\Debug\Luminescence v1.03E.exe.WebView2\EBWebView\Default
2026-08-04 13:11:29.736: [INFO] Profiles total count: 1
2026-08-04 13:11:29.736: [INFO] Profile: name=Profil 1 path=C:\Users\seif9\source\repos\Luminescence v1.03E\Luminescence v1.03E\bin\x64\Debug\Luminescence v1.03E.exe.WebView2\EBWebView\Default lastActive=2026-08-04T11:28:00.897Z
2026-08-04 13:11:29.736: [INFO] LastUsedProfileDir: C:\Users\seif9\source\repos\Luminescence v1.03E\Luminescence v1.03E\bin\x64\Debug\Luminescence v1.03E.exe.WebView2\EBWebView\Default
2026-08-04 13:11:29.736: [INFO] MostRecentlyActiveProfile: name=Profil 1 path=C:\Users\seif9\source\repos\Luminescence v1.03E\Luminescence v1.03E\bin\x64\Debug\Luminescence v1.03E.exe.WebView2\EBWebView\Default lastActive=2026-08-04T11:28:00.897Z
2026-08-04 13:11:29.736: [INFO] OnDoneLoading sync enabled: 0
2026-08-04 13:11:29.736: [INFO] BookmarkModelLoaded, ids_reassigned: 0
2026-08-04 13:11:29.736: [INFO] BookmarksLoadDropped droppedNodes=0
2026-08-04 13:11:29.737: [INFO] BookmarksSnapshot Startup total=0 bar=0 other=0 mobile=0 showBar=0 showBarNTP=1
2026-08-04 13:11:59.552: [INFO] BookmarksSnapshot Shutdown total=0 bar=0 other=0 mobile=0 showBar=0 showBarNTP=1
2026-08-04 13:40:53.480: [INFO] CurrentProfilePath: C:\Users\seif9\source\repos\Luminescence v1.03E\Luminescence v1.03E\bin\x64\Debug\Luminescence v1.03E.exe.WebView2\EBWebView\Default
2026-08-04 13:40:53.480: [INFO] Profiles total count: 1
2026-08-04 13:40:53.480: [INFO] Profile: name=Profil 1 path=C:\Users\seif9\source\repos\Luminescence v1.03E\Luminescence v1.03E\bin\x64\Debug\Luminescence v1.03E.exe.WebView2\EBWebView\Default lastActive=2026-08-04T13:38:58.598Z
2026-08-04 13:40:53.480: [INFO] LastUsedProfileDir: C:\Users\seif9\source\repos\Luminescence v1.03E\Luminescence v1.03E\bin\x64\Debug\Luminescence v1.03E.exe.WebView2\EBWebView\Default
2026-08-04 13:40:53.480: [INFO] MostRecentlyActiveProfile: name=Profil 1 path=C:\Users\seif9\source\repos\Luminescence v1.03E\Luminescence v1.03E\bin\x64\Debug\Luminescence v1.03E.exe.WebView2\EBWebView\Default lastActive=2026-08-04T13:38:58.598Z
2026-08-04 13:40:53.480: [INFO] OnDoneLoading sync enabled: 0
2026-08-04 13:40:53.480: [INFO] BookmarkModelLoaded, ids_reassigned: 0
2026-08-04 13:40:53.480: [INFO] BookmarksLoadDropped droppedNodes=0
2026-08-04 13:40:53.480: [INFO] BookmarksSnapshot Startup total=0 bar=0 other=0 mobile=0 showBar=0 showBarNTP=1
2026-08-04 13:40:56.853: [INFO] BookmarksSnapshot Shutdown total=0 bar=0 other=0 mobile=0 showBar=0 showBarNTP=1
2026-08-04 14:26:23.911: [INFO] CurrentProfilePath: C:\Users\seif9\source\repos\Luminescence v1.03E\Luminescence v1.03E\bin\x64\Debug\Luminescence v1.03E.exe.WebView2\EBWebView\Default
2026-08-04 14:26:23.911: [INFO] Profiles total count: 1
2026-08-04 14:26:23.911: [INFO] Profile: name=Profil 1 path=C:\Users\seif9\source\repos\Luminescence v1.03E\Luminescence v1.03E\bin\x64\Debug\Luminescence v1.03E.exe.WebView2\EBWebView\Default lastActive=2026-08-04T13:38:58.598Z
2026-08-04 14:26:23.911: [INFO] LastUsedProfileDir: C:\Users\seif9\source\repos\Luminescence v1.03E\Luminescence v1.03E\bin\x64\Debug\Luminescence v1.03E.exe.WebView2\EBWebView\Default
2026-08-04 14:26:23.911: [INFO] MostRecentlyActiveProfile: name=Profil 1 path=C:\Users\seif9\source\repos\Luminescence v1.03E\Luminescence v1.03E\bin\x64\Debug\Luminescence v1.03E.exe.WebView2\EBWebView\Default lastActive=2026-08-04T13:38:58.598Z
2026-08-04 14:26:23.911: [INFO] OnDoneLoading sync enabled: 0
2026-08-04 14:26:23.911: [INFO] BookmarkModelLoaded, ids_reassigned: 0
2026-08-04 14:26:23.911: [INFO] BookmarksLoadDropped droppedNodes=0
2026-08-04 14:26:23.911: [INFO] BookmarksSnapshot Startup total=0 bar=0 other=0 mobile=0 showBar=0 showBarNTP=1
2026-08-04 14:26:53.316: [INFO] BookmarksSnapshot Shutdown total=0 bar=0 other=0 mobile=0 showBar=0 showBarNTP=1
2026-08-04 14:26:59.702: [INFO] CurrentProfilePath: C:\Users\seif9\source\repos\Luminescence v1.03E\Luminescence v1.03E\bin\x64\Debug\Luminescence v1.03E.exe.WebView2\EBWebView\Default
2026-08-04 14:26:59.702: [INFO] Profiles total count: 1
2026-08-04 14:26:59.702: [INFO] Profile: name=Profil 1 path=C:\Users\seif9\source\repos\Luminescence v1.03E\Luminescence v1.03E\bin\x64\Debug\Luminescence v1.03E.exe.WebView2\EBWebView\Default lastActive=2026-08-04T14:26:34.342Z
2026-08-04 14:26:59.702: [INFO] LastUsedProfileDir: C:\Users\seif9\source\repos\Luminescence v1.03E\Luminescence v1.03E\bin\x64\Debug\Luminescence v1.03E.exe.WebView2\EBWebView\Default
2026-08-04 14:26:59.702: [INFO] MostRecentlyActiveProfile: name=Profil 1 path=C:\Users\seif9\source\repos\Luminescence v1.03E\Luminescence v1.03E\bin\x64\Debug\Luminescence v1.03E.exe.WebView2\EBWebView\Default lastActive=2026-08-04T14:26:34.342Z
2026-08-04 14:26:59.702: [INFO] OnDoneLoading sync enabled: 0
2026-08-04 14:26:59.702: [INFO] BookmarkModelLoaded, ids_reassigned: 0
2026-08-04 14:26:59.702: [INFO] BookmarksLoadDropped droppedNodes=0
2026-08-04 14:26:59.702: [INFO] BookmarksSnapshot Startup total=0 bar=0 other=0 mobile=0 showBar=0 showBarNTP=1
2026-08-04 14:27:51.877: [INFO] BookmarksSnapshot Shutdown total=0 bar=0 other=0 mobile=0 showBar=0 showBarNTP=1
2026-08-04 14:32:59.248: [INFO] CurrentProfilePath: C:\Users\seif9\source\repos\Luminescence v1.03E\Luminescence v1.03E\bin\x64\Debug\Luminescence v1.03E.exe.WebView2\EBWebView\Default
2026-08-04 14:32:59.248: [INFO] Profiles total count: 1
2026-08-04 14:32:59.249: [INFO] Profile: name=Profil 1 path=C:\Users\seif9\source\repos\Luminescence v1.03E\Luminescence v1.03E\bin\x64\Debug\Luminescence v1.03E.exe.WebView2\EBWebView\Default lastActive=2026-08-04T14:27:04.161Z
2026-08-04 14:32:59.249: [INFO] LastUsedProfileDir: C:\Users\seif9\source\repos\Luminescence v1.03E\Luminescence v1.03E\bin\x64\Debug\Luminescence v1.03E.exe.WebView2\EBWebView\Default
2026-08-04 14:32:59.249: [INFO] MostRecentlyActiveProfile: name=Profil 1 path=C:\Users\seif9\source\repos\Luminescence v1.03E\Luminescence v1.03E\bin\x64\Debug\Luminescence v1.03E.exe.WebView2\EBWebView\Default lastActive=2026-08-04T14:27:04.161Z
2026-08-04 14:32:59.249: [INFO] OnDoneLoading sync enabled: 0
2026-08-04 14:32:59.249: [INFO] BookmarkModelLoaded, ids_reassigned: 0
2026-08-04 14:32:59.249: [INFO] BookmarksLoadDropped droppedNodes=0
2026-08-04 14:32:59.249: [INFO] BookmarksSnapshot Startup total=0 bar=0 other=0 mobile=0 showBar=0 showBarNTP=1
2026-08-04 14:33:20.193: [INFO] BookmarksSnapshot Shutdown total=0 bar=0 other=0 mobile=0 showBar=0 showBarNTP=1
2026-08-04 14:41:59.616: [INFO] CurrentProfilePath: C:\Users\seif9\source\repos\Luminescence v1.03E\Luminescence v1.03E\bin\x64\Debug\Luminescence v1.03E.exe.WebView2\EBWebView\Default
2026-08-04 14:41:59.616: [INFO] Profiles total count: 1
2026-08-04 14:41:59.616: [INFO] Profile: name=Profil 1 path=C:\Users\seif9\source\repos\Luminescence v1.03E\Luminescence v1.03E\bin\x64\Debug\Luminescence v1.03E.exe.WebView2\EBWebView\Default lastActive=2026-08-04T14:27:04.161Z
2026-08-04 14:41:59.616: [INFO] LastUsedProfileDir: C:\Users\seif9\source\repos\Luminescence v1.03E\Luminescence v1.03E\bin\x64\Debug\Luminescence v1.03E.exe.WebView2\EBWebView\Default
2026-08-04 14:41:59.616: [INFO] MostRecentlyActiveProfile: name=Profil 1 path=C:\Users\seif9\source\repos\Luminescence v1.03E\Luminescence v1.03E\bin\x64\Debug\Luminescence v1.03E.exe.WebView2\EBWebView\Default lastActive=2026-08-04T14:27:04.161Z
2026-08-04 14:41:59.616: [INFO] OnDoneLoading sync enabled: 0
2026-08-04 14:41:59.616: [INFO] BookmarkModelLoaded, ids_reassigned: 0
2026-08-04 14:41:59.616: [INFO] BookmarksLoadDropped droppedNodes=0
2026-08-04 14:41:59.616: [INFO] BookmarksSnapshot Startup total=0 bar=0 other=0 mobile=0 showBar=0 showBarNTP=1
2026-08-04 14:44:03.565: [INFO] BookmarksSnapshot Shutdown total=0 bar=0 other=0 mobile=0 showBar=0 showBarNTP=1
2026-08-04 14:48:38.988: [INFO] CurrentProfilePath: C:\Users\seif9\source\repos\Luminescence v1.03E\Luminescence v1.03E\bin\x64\Debug\Luminescence v1.03E.exe.WebView2\EBWebView\Default
2026-08-04 14:48:38.988: [INFO] Profiles total count: 1
2026-08-04 14:48:38.989: [INFO] Profile: name=Profil 1 path=C:\Users\seif9\source\repos\Luminescence v1.03E\Luminescence v1.03E\bin\x64\Debug\Luminescence v1.03E.exe.WebView2\EBWebView\Default lastActive=2026-08-04T14:27:04.161Z
2026-08-04 14:48:38.989: [INFO] LastUsedProfileDir: C:\Users\seif9\source\repos\Luminescence v1.03E\Luminescence v1.03E\bin\x64\Debug\Luminescence v1.03E.exe.WebView2\EBWebView\Default
2026-08-04 14:48:38.989: [INFO] MostRecentlyActiveProfile: name=Profil 1 path=C:\Users\seif9\source\repos\Luminescence v1.03E\Luminescence v1.03E\bin\x64\Debug\Luminescence v1.03E.exe.WebView2\EBWebView\Default lastActive=2026-08-04T14:27:04.161Z
2026-08-04 14:48:38.989: [INFO] OnDoneLoading sync enabled: 0
2026-08-04 14:48:38.989: [INFO] BookmarkModelLoaded, ids_reassigned: 0
2026-08-04 14:48:38.989: [INFO] BookmarksLoadDropped droppedNodes=0
2026-08-04 14:48:38.989: [INFO] BookmarksSnapshot Startup total=0 bar=0 other=0 mobile=0 showBar=0 showBarNTP=1
2026-08-04 14:49:03.121: [INFO] BookmarksSnapshot Shutdown total=0 bar=0 other=0 mobile=0 showBar=0 showBarNTP=1
2026-08-04 14:50:19.628: [INFO] CurrentProfilePath: C:\Users\seif9\source\repos\Luminescence v1.03E\Luminescence v1.03E\bin\x64\Debug\Luminescence v1.03E.exe.WebView2\EBWebView\Default
2026-08-04 14:50:19.628: [INFO] Profiles total count: 1
2026-08-04 14:50:19.628: [INFO] Profile: name=Profil 1 path=C:\Users\seif9\source\repos\Luminescence v1.03E\Luminescence v1.03E\bin\x64\Debug\Luminescence v1.03E.exe.WebView2\EBWebView\Default lastActive=2026-08-04T14:48:41.646Z
2026-08-04 14:50:19.628: [INFO] LastUsedProfileDir: C:\Users\seif9\source\repos\Luminescence v1.03E\Luminescence v1.03E\bin\x64\Debug\Luminescence v1.03E.exe.WebView2\EBWebView\Default
2026-08-04 14:50:19.628: [INFO] MostRecentlyActiveProfile: name=Profil 1 path=C:\Users\seif9\source\repos\Luminescence v1.03E\Luminescence v1.03E\bin\x64\Debug\Luminescence v1.03E.exe.WebView2\EBWebView\Default lastActive=2026-08-04T14:48:41.646Z
2026-08-04 14:50:19.628: [INFO] OnDoneLoading sync enabled: 0
2026-08-04 14:50:19.628: [INFO] BookmarkModelLoaded, ids_reassigned: 0
2026-08-04 14:50:19.628: [INFO] BookmarksLoadDropped droppedNodes=0
2026-08-04 14:50:19.628: [INFO] BookmarksSnapshot Startup total=0 bar=0 other=0 mobile=0 showBar=0 showBarNTP=1
2026-08-04 14:50:22.462: [INFO] BookmarksSnapshot Shutdown total=0 bar=0 other=0 mobile=0 showBar=0 showBarNTP=1
2026-08-04 14:57:15.871: [INFO] CurrentProfilePath: C:\Users\seif9\source\repos\Luminescence v1.03E\Luminescence v1.03E\bin\x64\Debug\Luminescence v1.03E.exe.WebView2\EBWebView\Default
2026-08-04 14:57:15.871: [INFO] Profiles total count: 1
2026-08-04 14:57:15.872: [INFO] Profile: name=Profil 1 path=C:\Users\seif9\source\repos\Luminescence v1.03E\Luminescence v1.03E\bin\x64\Debug\Luminescence v1.03E.exe.WebView2\EBWebView\Default lastActive=2026-08-04T14:50:21.468Z
2026-08-04 14:57:15.872: [INFO] LastUsedProfileDir: C:\Users\seif9\source\repos\Luminescence v1.03E\Luminescence v1.03E\bin\x64\Debug\Luminescence v1.03E.exe.WebView2\EBWebView\Default
2026-08-04 14:57:15.872: [INFO] MostRecentlyActiveProfile: name=Profil 1 path=C:\Users\seif9\source\repos\Luminescence v1.03E\Luminescence v1.03E\bin\x64\Debug\Luminescence v1.03E.exe.WebView2\EBWebView\Default lastActive=2026-08-04T14:50:21.468Z
2026-08-04 14:57:15.872: [INFO] OnDoneLoading sync enabled: 0
2026-08-04 14:57:15.872: [INFO] BookmarkModelLoaded, ids_reassigned: 0
2026-08-04 14:57:15.872: [INFO] BookmarksLoadDropped droppedNodes=0
2026-08-04 14:57:15.872: [INFO] BookmarksSnapshot Startup total=0 bar=0 other=0 mobile=0 showBar=0 showBarNTP=1
2026-08-04 14:57:20.247: [INFO] BookmarksSnapshot Shutdown total=0 bar=0 other=0 mobile=0 showBar=0 showBarNTP=1
2026-08-04 15:01:51.824: [INFO] CurrentProfilePath: C:\Users\seif9\source\repos\Luminescence v1.03E\Luminescence v1.03E\bin\x64\Debug\Luminescence v1.03E.exe.WebView2\EBWebView\Default
2026-08-04 15:01:51.824: [INFO] Profiles total count: 1
2026-08-04 15:01:51.824: [INFO] Profile: name=Profil 1 path=C:\Users\seif9\source\repos\Luminescence v1.03E\Luminescence v1.03E\bin\x64\Debug\Luminescence v1.03E.exe.WebView2\EBWebView\Default lastActive=2026-08-04T14:57:39.294Z
2026-08-04 15:01:51.824: [INFO] LastUsedProfileDir: C:\Users\seif9\source\repos\Luminescence v1.03E\Luminescence v1.03E\bin\x64\Debug\Luminescence v1.03E.exe.WebView2\EBWebView\Default
2026-08-04 15:01:51.824: [INFO] MostRecentlyActiveProfile: name=Profil 1 path=C:\Users\seif9\source\repos\Luminescence v1.03E\Luminescence v1.03E\bin\x64\Debug\Luminescence v1.03E.exe.WebView2\EBWebView\Default lastActive=2026-08-04T14:57:39.294Z
2026-08-04 15:01:51.824: [INFO] OnDoneLoading sync enabled: 0
2026-08-04 15:01:51.824: [INFO] BookmarkModelLoaded, ids_reassigned: 0
2026-08-04 15:01:51.824: [INFO] BookmarksLoadDropped droppedNodes=0
2026-08-04 15:01:51.824: [INFO] BookmarksSnapshot Startup total=0 bar=0 other=0 mobile=0 showBar=0 showBarNTP=1
2026-08-04 15:01:54.709: [INFO] BookmarksSnapshot Shutdown total=0 bar=0 other=0 mobile=0 showBar=0 showBarNTP=1
2026-08-04 17:44:23.323: [INFO] CurrentProfilePath: C:\Users\seif9\source\repos\Luminescence v1.03E\Luminescence v1.03E\bin\x64\Debug\Luminescence v1.03E.exe.WebView2\EBWebView\Default
2026-08-04 17:44:23.323: [INFO] Profiles total count: 1
2026-08-04 17:44:23.323: [INFO] Profile: name=Profil 1 path=C:\Users\seif9\source\repos\Luminescence v1.03E\Luminescence v1.03E\bin\x64\Debug\Luminescence v1.03E.exe.WebView2\EBWebView\Default lastActive=2026-08-04T15:01:54.060Z
2026-08-04 17:44:23.323: [INFO] LastUsedProfileDir: C:\Users\seif9\source\repos\Luminescence v1.03E\Luminescence v1.03E\bin\x64\Debug\Luminescence v1.03E.exe.WebView2\EBWebView\Default
2026-08-04 17:44:23.323: [INFO] MostRecentlyActiveProfile: name=Profil 1 path=C:\Users\seif9\source\repos\Luminescence v1.03E\Luminescence v1.03E\bin\x64\Debug\Luminescence v1.03E.exe.WebView2\EBWebView\Default lastActive=2026-08-04T15:01:54.060Z
2026-08-04 17:44:23.323: [INFO] OnDoneLoading sync enabled: 0
2026-08-04 17:44:23.323: [INFO] BookmarkModelLoaded, ids_reassigned: 0
2026-08-04 17:44:23.323: [INFO] BookmarksLoadDropped droppedNodes=0
2026-08-04 17:44:23.323: [INFO] BookmarksSnapshot Startup total=0 bar=0 other=0 mobile=0 showBar=0 showBarNTP=1
2026-08-04 17:44:38.985: [INFO] BookmarksSnapshot Shutdown total=0 bar=0 other=0 mobile=0 showBar=0 showBarNTP=1
2026-08-04 17:44:45.064: [INFO] CurrentProfilePath: C:\Users\seif9\source\repos\Luminescence v1.03E\Luminescence v1.03E\bin\x64\Debug\Luminescence v1.03E.exe.WebView2\EBWebView\Default
2026-08-04 17:44:45.064: [INFO] Profiles total count: 1
2026-08-04 17:44:45.064: [INFO] Profile: name=Profil 1 path=C:\Users\seif9\source\repos\Luminescence v1.03E\Luminescence v1.03E\bin\x64\Debug\Luminescence v1.03E.exe.WebView2\EBWebView\Default lastActive=2026-08-04T17:44:24.526Z
2026-08-04 17:44:45.064: [INFO] LastUsedProfileDir: C:\Users\seif9\source\repos\Luminescence v1.03E\Luminescence v1.03E\bin\x64\Debug\Luminescence v1.03E.exe.WebView2\EBWebView\Default
2026-08-04 17:44:45.064: [INFO] MostRecentlyActiveProfile: name=Profil 1 path=C:\Users\seif9\source\repos\Luminescence v1.03E\Luminescence v1.03E\bin\x64\Debug\Luminescence v1.03E.exe.WebView2\EBWebView\Default lastActive=2026-08-04T17:44:24.526Z
2026-08-04 17:44:45.064: [INFO] OnDoneLoading sync enabled: 0
2026-08-04 17:44:45.064: [INFO] BookmarkModelLoaded, ids_reassigned: 0
2026-08-04 17:44:45.064: [INFO] BookmarksLoadDropped droppedNodes=0
2026-08-04 17:44:45.064: [INFO] BookmarksSnapshot Startup total=0 bar=0 other=0 mobile=0 showBar=0 showBarNTP=1
2026-08-04 17:46:18.278: [INFO] BookmarksSnapshot Shutdown total=0 bar=0 other=0 mobile=0 showBar=0 showBarNTP=1
2026-08-04 17:48:50.607: [INFO] CurrentProfilePath: C:\Users\seif9\source\repos\Luminescence v1.03E\Luminescence v1.03E\bin\x64\Debug\Luminescence v1.03E.exe.WebView2\EBWebView\Default
2026-08-04 17:48:50.607: [INFO] Profiles total count: 1
2026-08-04 17:48:50.608: [INFO] Profile: name=Profil 1 path=C:\Users\seif9\source\repos\Luminescence v1.03E\Luminescence v1.03E\bin\x64\Debug\Luminescence v1.03E.exe.WebView2\EBWebView\Default lastActive=2026-08-04T17:45:11.495Z
2026-08-04 17:48:50.608: [INFO] LastUsedProfileDir: C:\Users\seif9\source\repos\Luminescence v1.03E\Luminescence v1.03E\bin\x64\Debug\Luminescence v1.03E.exe.WebView2\EBWebView\Default
2026-08-04 17:48:50.608: [INFO] MostRecentlyActiveProfile: name=Profil 1 path=C:\Users\seif9\source\repos\Luminescence v1.03E\Luminescence v1.03E\bin\x64\Debug\Luminescence v1.03E.exe.WebView2\EBWebView\Default lastActive=2026-08-04T17:45:11.495Z
2026-08-04 17:48:50.608: [INFO] OnDoneLoading sync enabled: 0
2026-08-04 17:48:50.608: [INFO] BookmarkModelLoaded, ids_reassigned: 0
2026-08-04 17:48:50.608: [INFO] BookmarksLoadDropped droppedNodes=0
2026-08-04 17:48:50.608: [INFO] BookmarksSnapshot Startup total=0 bar=0 other=0 mobile=0 showBar=0 showBarNTP=1
2026-08-04 17:51:49.936: [INFO] BookmarksSnapshot Shutdown total=0 bar=0 other=0 mobile=0 showBar=0 showBarNTP=1
2026-08-04 17:51:58.041: [INFO] CurrentProfilePath: C:\Users\seif9\source\repos\Luminescence v1.03E\Luminescence v1.03E\bin\x64\Debug\Luminescence v1.03E.exe.WebView2\EBWebView\Default
2026-08-04 17:51:58.041: [INFO] Profiles total count: 1
2026-08-04 17:51:58.042: [INFO] Profile: name=Profil 1 path=C:\Users\seif9\source\repos\Luminescence v1.03E\Luminescence v1.03E\bin\x64\Debug\Luminescence v1.03E.exe.WebView2\EBWebView\Default lastActive=2026-08-04T17:51:46.061Z
2026-08-04 17:51:58.042: [INFO] LastUsedProfileDir: C:\Users\seif9\source\repos\Luminescence v1.03E\Luminescence v1.03E\bin\x64\Debug\Luminescence v1.03E.exe.WebView2\EBWebView\Default
2026-08-04 17:51:58.042: [INFO] MostRecentlyActiveProfile: name=Profil 1 path=C:\Users\seif9\source\repos\Luminescence v1.03E\Luminescence v1.03E\bin\x64\Debug\Luminescence v1.03E.exe.WebView2\EBWebView\Default lastActive=2026-08-04T17:51:46.061Z
2026-08-04 17:51:58.042: [INFO] OnDoneLoading sync enabled: 0
2026-08-04 17:51:58.042: [INFO] BookmarkModelLoaded, ids_reassigned: 0
2026-08-04 17:51:58.042: [INFO] BookmarksLoadDropped droppedNodes=0
2026-08-04 17:51:58.042: [INFO] BookmarksSnapshot Startup total=0 bar=0 other=0 mobile=0 showBar=0 showBarNTP=1
2026-08-04 17:54:38.470: [INFO] BookmarksSnapshot Shutdown total=0 bar=0 other=0 mobile=0 showBar=0 showBarNTP=1
2026-08-04 17:54:44.063: [INFO] CurrentProfilePath: C:\Users\seif9\source\repos\Luminescence v1.03E\Luminescence v1.03E\bin\x64\Debug\Luminescence v1.03E.exe.WebView2\EBWebView\Default
2026-08-04 17:54:44.063: [INFO] Profiles total count: 1
2026-08-04 17:54:44.063: [INFO] Profile: name=Profil 1 path=C:\Users\seif9\source\repos\Luminescence v1.03E\Luminescence v1.03E\bin\x64\Debug\Luminescence v1.03E.exe.WebView2\EBWebView\Default lastActive=2026-08-04T17:52:12.645Z
2026-08-04 17:54:44.063: [INFO] LastUsedProfileDir: C:\Users\seif9\source\repos\Luminescence v1.03E\Luminescence v1.03E\bin\x64\Debug\Luminescence v1.03E.exe.WebView2\EBWebView\Default
2026-08-04 17:54:44.063: [INFO] MostRecentlyActiveProfile: name=Profil 1 path=C:\Users\seif9\source\repos\Luminescence v1.03E\Luminescence v1.03E\bin\x64\Debug\Luminescence v1.03E.exe.WebView2\EBWebView\Default lastActive=2026-08-04T17:52:12.645Z
2026-08-04 17:54:44.063: [INFO] OnDoneLoading sync enabled: 0
2026-08-04 17:54:44.063: [INFO] BookmarkModelLoaded, ids_reassigned: 0
2026-08-04 17:54:44.063: [INFO] BookmarksLoadDropped droppedNodes=0
2026-08-04 17:54:44.063: [INFO] BookmarksSnapshot Startup total=0 bar=0 other=0 mobile=0 showBar=0 showBarNTP=1
2026-08-04 17:56:21.456: [INFO] BookmarksSnapshot Shutdown total=0 bar=0 other=0 mobile=0 showBar=0 showBarNTP=1
2026-08-04 17:56:25.880: [INFO] CurrentProfilePath: C:\Users\seif9\source\repos\Luminescence v1.03E\Luminescence v1.03E\bin\x64\Debug\Luminescence v1.03E.exe.WebView2\EBWebView\Default
2026-08-04 17:56:25.880: [INFO] Profiles total count: 1
2026-08-04 17:56:25.881: [INFO] Profile: name=Profil 1 path=C:\Users\seif9\source\repos\Luminescence v1.03E\Luminescence v1.03E\bin\x64\Debug\Luminescence v1.03E.exe.WebView2\EBWebView\Default lastActive=2026-08-04T17:52:12.645Z
2026-08-04 17:56:25.881: [INFO] LastUsedProfileDir: C:\Users\seif9\source\repos\Luminescence v1.03E\Luminescence v1.03E\bin\x64\Debug\Luminescence v1.03E.exe.WebView2\EBWebView\Default
2026-08-04 17:56:25.881: [INFO] MostRecentlyActiveProfile: name=Profil 1 path=C:\Users\seif9\source\repos\Luminescence v1.03E\Luminescence v1.03E\bin\x64\Debug\Luminescence v1.03E.exe.WebView2\EBWebView\Default lastActive=2026-08-04T17:52:12.645Z
2026-08-04 17:56:25.881: [INFO] OnDoneLoading sync enabled: 0
2026-08-04 17:56:25.881: [INFO] BookmarkModelLoaded, ids_reassigned: 0
2026-08-04 17:56:25.881: [INFO] BookmarksLoadDropped droppedNodes=0
2026-08-04 17:56:25.881: [INFO] BookmarksSnapshot Startup total=0 bar=0 other=0 mobile=0 showBar=0 showBarNTP=1
2026-08-04 18:00:44.132: [INFO] BookmarksSnapshot Shutdown total=0 bar=0 other=0 mobile=0 showBar=0 showBarNTP=1
2026-08-04 18:00:51.917: [INFO] CurrentProfilePath: C:\Users\seif9\source\repos\Luminescence v1.03E\Luminescence v1.03E\bin\x64\Debug\Luminescence v1.03E.exe.WebView2\EBWebView\Default
2026-08-04 18:00:51.917: [INFO] Profiles total count: 1
2026-08-04 18:00:51.917: [INFO] Profile: name=Profil 1 path=C:\Users\seif9\source\repos\Luminescence v1.03E\Luminescence v1.03E\bin\x64\Debug\Luminescence v1.03E.exe.WebView2\EBWebView\Default lastActive=2026-08-04T18:00:40.624Z
2026-08-04 18:00:51.917: [INFO] LastUsedProfileDir: C:\Users\seif9\source\repos\Luminescence v1.03E\Luminescence v1.03E\bin\x64\Debug\Luminescence v1.03E.exe.WebView2\EBWebView\Default
2026-08-04 18:00:51.917: [INFO] MostRecentlyActiveProfile: name=Profil 1 path=C:\Users\seif9\source\repos\Luminescence v1.03E\Luminescence v1.03E\bin\x64\Debug\Luminescence v1.03E.exe.WebView2\EBWebView\Default lastActive=2026-08-04T18:00:40.624Z
2026-08-04 18:00:51.917: [INFO] OnDoneLoading sync enabled: 0
2026-08-04 18:00:51.917: [INFO] BookmarkModelLoaded, ids_reassigned: 0
2026-08-04 18:00:51.917: [INFO] BookmarksLoadDropped droppedNodes=0
2026-08-04 18:00:51.917: [INFO] BookmarksSnapshot Startup total=0 bar=0 other=0 mobile=0 showBar=0 showBarNTP=1
2026-08-04 18:05:55.889: [INFO] BookmarksSnapshot Shutdown total=0 bar=0 other=0 mobile=0 showBar=0 showBarNTP=1
2026-08-04 18:06:02.052: [INFO] CurrentProfilePath: C:\Users\seif9\source\repos\Luminescence v1.03E\Luminescence v1.03E\bin\x64\Debug\Luminescence v1.03E.exe.WebView2\EBWebView\Default
2026-08-04 18:06:02.052: [INFO] Profiles total count: 1
2026-08-04 18:06:02.053: [INFO] Profile: name=Profil 1 path=C:\Users\seif9\source\repos\Luminescence v1.03E\Luminescence v1.03E\bin\x64\Debug\Luminescence v1.03E.exe.WebView2\EBWebView\Default lastActive=2026-08-04T18:00:40.624Z
2026-08-04 18:06:02.053: [INFO] LastUsedProfileDir: C:\Users\seif9\source\repos\Luminescence v1.03E\Luminescence v1.03E\bin\x64\Debug\Luminescence v1.03E.exe.WebView2\EBWebView\Default
2026-08-04 18:06:02.053: [INFO] MostRecentlyActiveProfile: name=Profil 1 path=C:\Users\seif9\source\repos\Luminescence v1.03E\Luminescence v1.03E\bin\x64\Debug\Luminescence v1.03E.exe.WebView2\EBWebView\Default lastActive=2026-08-04T18:00:40.624Z
2026-08-04 18:06:02.053: [INFO] OnDoneLoading sync enabled: 0
2026-08-04 18:06:02.053: [INFO] BookmarkModelLoaded, ids_reassigned: 0
2026-08-04 18:06:02.053: [INFO] BookmarksLoadDropped droppedNodes=0
2026-08-04 18:06:02.053: [INFO] BookmarksSnapshot Startup total=0 bar=0 other=0 mobile=0 showBar=0 showBarNTP=1
2026-08-04 18:07:40.859: [INFO] BookmarksSnapshot Shutdown total=0 bar=0 other=0 mobile=0 showBar=0 showBarNTP=1
2026-08-04 18:07:46.436: [INFO] CurrentProfilePath: C:\Users\seif9\source\repos\Luminescence v1.03E\Luminescence v1.03E\bin\x64\Debug\Luminescence v1.03E.exe.WebView2\EBWebView\Default
2026-08-04 18:07:46.436: [INFO] Profiles total count: 1
2026-08-04 18:07:46.437: [INFO] Profile: name=Profil 1 path=C:\Users\seif9\source\repos\Luminescence v1.03E\Luminescence v1.03E\bin\x64\Debug\Luminescence v1.03E.exe.WebView2\EBWebView\Default lastActive=2026-08-04T18:00:40.624Z
2026-08-04 18:07:46.437: [INFO] LastUsedProfileDir: C:\Users\seif9\source\repos\Luminescence v1.03E\Luminescence v1.03E\bin\x64\Debug\Luminescence v1.03E.exe.WebView2\EBWebView\Default
2026-08-04 18:07:46.437: [INFO] MostRecentlyActiveProfile: name=Profil 1 path=C:\Users\seif9\source\repos\Luminescence v1.03E\Luminescence v1.03E\bin\x64\Debug\Luminescence v1.03E.exe.WebView2\EBWebView\Default lastActive=2026-08-04T18:00:40.624Z
2026-08-04 18:07:46.437: [INFO] OnDoneLoading sync enabled: 0
2026-08-04 18:07:46.437: [INFO] BookmarkModelLoaded, ids_reassigned: 0
2026-08-04 18:07:46.437: [INFO] BookmarksLoadDropped droppedNodes=0
2026-08-04 18:07:46.437: [INFO] BookmarksSnapshot Startup total=0 bar=0 other=0 mobile=0 showBar=0 showBarNTP=1
2026-08-04 18:09:42.467: [INFO] BookmarksSnapshot Shutdown total=0 bar=0 other=0 mobile=0 showBar=0 showBarNTP=1
2026-08-04 18:09:48.539: [INFO] CurrentProfilePath: C:\Users\seif9\source\repos\Luminescence v1.03E\Luminescence v1.03E\bin\x64\Debug\Luminescence v1.03E.exe.WebView2\EBWebView\Default
2026-08-04 18:09:48.539: [INFO] Profiles total count: 1
2026-08-04 18:09:48.539: [INFO] Profile: name=Profil 1 path=C:\Users\seif9\source\repos\Luminescence v1.03E\Luminescence v1.03E\bin\x64\Debug\Luminescence v1.03E.exe.WebView2\EBWebView\Default lastActive=2026-08-04T18:08:03.350Z
2026-08-04 18:09:48.539: [INFO] LastUsedProfileDir: C:\Users\seif9\source\repos\Luminescence v1.03E\Luminescence v1.03E\bin\x64\Debug\Luminescence v1.03E.exe.WebView2\EBWebView\Default
2026-08-04 18:09:48.539: [INFO] MostRecentlyActiveProfile: name=Profil 1 path=C:\Users\seif9\source\repos\Luminescence v1.03E\Luminescence v1.03E\bin\x64\Debug\Luminescence v1.03E.exe.WebView2\EBWebView\Default lastActive=2026-08-04T18:08:03.350Z
2026-08-04 18:09:48.539: [INFO] OnDoneLoading sync enabled: 0
2026-08-04 18:09:48.539: [INFO] BookmarkModelLoaded, ids_reassigned: 0
2026-08-04 18:09:48.539: [INFO] BookmarksLoadDropped droppedNodes=0
2026-08-04 18:09:48.539: [INFO] BookmarksSnapshot Startup total=0 bar=0 other=0 mobile=0 showBar=0 showBarNTP=1
2026-08-04 18:12:13.183: [INFO] BookmarksSnapshot Shutdown total=0 bar=0 other=0 mobile=0 showBar=0 showBarNTP=1
2026-08-04 18:12:18.893: [INFO] CurrentProfilePath: C:\Users\seif9\source\repos\Luminescence v1.03E\Luminescence v1.03E\bin\x64\Debug\Luminescence v1.03E.exe.WebView2\EBWebView\Default
2026-08-04 18:12:18.893: [INFO] Profiles total count: 1
2026-08-04 18:12:18.894: [INFO] Profile: name=Profil 1 path=C:\Users\seif9\source\repos\Luminescence v1.03E\Luminescence v1.03E\bin\x64\Debug\Luminescence v1.03E.exe.WebView2\EBWebView\Default lastActive=2026-08-04T18:08:03.350Z
2026-08-04 18:12:18.894: [INFO] LastUsedProfileDir: C:\Users\seif9\source\repos\Luminescence v1.03E\Luminescence v1.03E\bin\x64\Debug\Luminescence v1.03E.exe.WebView2\EBWebView\Default
2026-08-04 18:12:18.894: [INFO] MostRecentlyActiveProfile: name=Profil 1 path=C:\Users\seif9\source\repos\Luminescence v1.03E\Luminescence v1.03E\bin\x64\Debug\Luminescence v1.03E.exe.WebView2\EBWebView\Default lastActive=2026-08-04T18:08:03.350Z
2026-08-04 18:12:18.894: [INFO] OnDoneLoading sync enabled: 0
2026-08-04 18:12:18.894: [INFO] BookmarkModelLoaded, ids_reassigned: 0
2026-08-04 18:12:18.894: [INFO] BookmarksLoadDropped droppedNodes=0
2026-08-04 18:12:18.894: [INFO] BookmarksSnapshot Startup total=0 bar=0 other=0 mobile=0 showBar=0 showBarNTP=1
2026-08-04 18:16:23.864: [INFO] BookmarksSnapshot Shutdown total=0 bar=0 other=0 mobile=0 showBar=0 showBarNTP=1
2026-08-04 18:16:29.205: [INFO] CurrentProfilePath: C:\Users\seif9\source\repos\Luminescence v1.03E\Luminescence v1.03E\bin\x64\Debug\Luminescence v1.03E.exe.WebView2\EBWebView\Default
2026-08-04 18:16:29.205: [INFO] Profiles total count: 1
2026-08-04 18:16:29.205: [INFO] Profile: name=Profil 1 path=C:\Users\seif9\source\repos\Luminescence v1.03E\Luminescence v1.03E\bin\x64\Debug\Luminescence v1.03E.exe.WebView2\EBWebView\Default lastActive=2026-08-04T18:08:03.350Z
2026-08-04 18:16:29.205: [INFO] LastUsedProfileDir: C:\Users\seif9\source\repos\Luminescence v1.03E\Luminescence v1.03E\bin\x64\Debug\Luminescence v1.03E.exe.WebView2\EBWebView\Default
2026-08-04 18:16:29.206: [INFO] MostRecentlyActiveProfile: name=Profil 1 path=C:\Users\seif9\source\repos\Luminescence v1.03E\Luminescence v1.03E\bin\x64\Debug\Luminescence v1.03E.exe.WebView2\EBWebView\Default lastActive=2026-08-04T18:08:03.350Z
2026-08-04 18:16:29.206: [INFO] OnDoneLoading sync enabled: 0
2026-08-04 18:16:29.206: [INFO] BookmarkModelLoaded, ids_reassigned: 0
2026-08-04 18:16:29.206: [INFO] BookmarksLoadDropped droppedNodes=0
2026-08-04 18:16:29.206: [INFO] BookmarksSnapshot Startup total=0 bar=0 other=0 mobile=0 showBar=0 showBarNTP=1
2026-08-04 18:17:29.555: [INFO] BookmarksSnapshot Shutdown total=0 bar=0 other=0 mobile=0 showBar=0 showBarNTP=1
2026-08-04 18:18:30.241: [INFO] CurrentProfilePath: C:\Users\seif9\source\repos\Luminescence v1.03E\Luminescence v1.03E\bin\x64\Debug\Luminescence v1.03E.exe.WebView2\EBWebView\Default
2026-08-04 18:18:30.241: [INFO] Profiles total count: 1
2026-08-04 18:18:30.241: [INFO] Profile: name=Profil 1 path=C:\Users\seif9\source\repos\Luminescence v1.03E\Luminescence v1.03E\bin\x64\Debug\Luminescence v1.03E.exe.WebView2\EBWebView\Default lastActive=2026-08-04T18:17:28.704Z
2026-08-04 18:18:30.241: [INFO] LastUsedProfileDir: C:\Users\seif9\source\repos\Luminescence v1.03E\Luminescence v1.03E\bin\x64\Debug\Luminescence v1.03E.exe.WebView2\EBWebView\Default
2026-08-04 18:18:30.241: [INFO] MostRecentlyActiveProfile: name=Profil 1 path=C:\Users\seif9\source\repos\Luminescence v1.03E\Luminescence v1.03E\bin\x64\Debug\Luminescence v1.03E.exe.WebView2\EBWebView\Default lastActive=2026-08-04T18:17:28.704Z
2026-08-04 18:18:30.241: [INFO] OnDoneLoading sync enabled: 0
2026-08-04 18:18:30.241: [INFO] BookmarkModelLoaded, ids_reassigned: 0
2026-08-04 18:18:30.241: [INFO] BookmarksLoadDropped droppedNodes=0
2026-08-04 18:18:30.241: [INFO] BookmarksSnapshot Startup total=0 bar=0 other=0 mobile=0 showBar=0 showBarNTP=1
2026-08-04 18:21:03.385: [INFO] BookmarksSnapshot Shutdown total=0 bar=0 other=0 mobile=0 showBar=0 showBarNTP=1
2026-08-04 18:29:01.037: [INFO] CurrentProfilePath: C:\Users\seif9\source\repos\Luminescence v1.03E\Luminescence v1.03E\bin\x64\Debug\Luminescence v1.03E.exe.WebView2\EBWebView\Default
2026-08-04 18:29:01.037: [INFO] Profiles total count: 1
2026-08-04 18:29:01.039: [INFO] Profile: name=Profil 1 path=C:\Users\seif9\source\repos\Luminescence v1.03E\Luminescence v1.03E\bin\x64\Debug\Luminescence v1.03E.exe.WebView2\EBWebView\Default lastActive=2026-08-04T18:21:01.489Z
2026-08-04 18:29:01.039: [INFO] LastUsedProfileDir: C:\Users\seif9\source\repos\Luminescence v1.03E\Luminescence v1.03E\bin\x64\Debug\Luminescence v1.03E.exe.WebView2\EBWebView\Default
2026-08-04 18:29:01.039: [INFO] MostRecentlyActiveProfile: name=Profil 1 path=C:\Users\seif9\source\repos\Luminescence v1.03E\Luminescence v1.03E\bin\x64\Debug\Luminescence v1.03E.exe.WebView2\EBWebView\Default lastActive=2026-08-04T18:21:01.489Z
2026-08-04 18:29:01.039: [INFO] OnDoneLoading sync enabled: 0
2026-08-04 18:29:01.039: [INFO] BookmarkModelLoaded, ids_reassigned: 0
2026-08-04 18:29:01.039: [INFO] BookmarksLoadDropped droppedNodes=0
2026-08-04 18:29:01.039: [INFO] BookmarksSnapshot Startup total=0 bar=0 other=0 mobile=0 showBar=0 showBarNTP=1
2026-08-04 18:31:36.640: [INFO] BookmarksSnapshot Shutdown total=0 bar=0 other=0 mobile=0 showBar=0 showBarNTP=1
2026-08-04 18:41:10.696: [INFO] CurrentProfilePath: C:\Users\seif9\source\repos\Luminescence v1.03E\Luminescence v1.03E\bin\x64\Debug\Luminescence v1.03E.exe.WebView2\EBWebView\Default
2026-08-04 18:41:10.696: [INFO] Profiles total count: 1
2026-08-04 18:41:10.696: [INFO] Profile: name=Profil 1 path=C:\Users\seif9\source\repos\Luminescence v1.03E\Luminescence v1.03E\bin\x64\Debug\Luminescence v1.03E.exe.WebView2\EBWebView\Default lastActive=2026-08-04T18:30:04.188Z
2026-08-04 18:41:10.696: [INFO] LastUsedProfileDir: C:\Users\seif9\source\repos\Luminescence v1.03E\Luminescence v1.03E\bin\x64\Debug\Luminescence v1.03E.exe.WebView2\EBWebView\Default
2026-08-04 18:41:10.696: [INFO] MostRecentlyActiveProfile: name=Profil 1 path=C:\Users\seif9\source\repos\Luminescence v1.03E\Luminescence v1.03E\bin\x64\Debug\Luminescence v1.03E.exe.WebView2\EBWebView\Default lastActive=2026-08-04T18:30:04.188Z
2026-08-04 18:41:10.696: [INFO] OnDoneLoading sync enabled: 0
2026-08-04 18:41:10.696: [INFO] BookmarkModelLoaded, ids_reassigned: 0
2026-08-04 18:41:10.696: [INFO] BookmarksLoadDropped droppedNodes=0
2026-08-04 18:41:10.696: [INFO] BookmarksSnapshot Startup total=0 bar=0 other=0 mobile=0 showBar=0 showBarNTP=1
2026-08-04 18:41:33.265: [INFO] BookmarksSnapshot Shutdown total=0 bar=0 other=0 mobile=0 showBar=0 showBarNTP=1
2026-08-04 18:41:53.892: [INFO] CurrentProfilePath: C:\Users\seif9\source\repos\Luminescence v1.03E\Luminescence v1.03E\bin\x64\Debug\Luminescence v1.03E.exe.WebView2\EBWebView\Default
2026-08-04 18:41:53.892: [INFO] Profiles total count: 1
2026-08-04 18:41:53.892: [INFO] Profile: name=Profil 1 path=C:\Users\seif9\source\repos\Luminescence v1.03E\Luminescence v1.03E\bin\x64\Debug\Luminescence v1.03E.exe.WebView2\EBWebView\Default lastActive=2026-08-04T18:30:04.188Z
2026-08-04 18:41:53.892: [INFO] LastUsedProfileDir: C:\Users\seif9\source\repos\Luminescence v1.03E\Luminescence v1.03E\bin\x64\Debug\Luminescence v1.03E.exe.WebView2\EBWebView\Default
2026-08-04 18:41:53.892: [INFO] MostRecentlyActiveProfile: name=Profil 1 path=C:\Users\seif9\source\repos\Luminescence v1.03E\Luminescence v1.03E\bin\x64\Debug\Luminescence v1.03E.exe.WebView2\EBWebView\Default lastActive=2026-08-04T18:30:04.188Z
2026-08-04 18:41:53.892: [INFO] OnDoneLoading sync enabled: 0
2026-08-04 18:41:53.892: [INFO] BookmarkModelLoaded, ids_reassigned: 0
2026-08-04 18:41:53.892: [INFO] BookmarksLoadDropped droppedNodes=0
2026-08-04 18:41:53.892: [INFO] BookmarksSnapshot Startup total=0 bar=0 other=0 mobile=0 showBar=0 showBarNTP=1
2026-08-04 18:43:51.435: [INFO] BookmarksSnapshot Shutdown total=0 bar=0 other=0 mobile=0 showBar=0 showBarNTP=1
2026-08-04 18:46:24.654: [INFO] CurrentProfilePath: C:\Users\seif9\source\repos\Luminescence v1.03E\Luminescence v1.03E\bin\x64\Debug\Luminescence v1.03E.exe.WebView2\EBWebView\Default
2026-08-04 18:46:24.654: [INFO] Profiles total count: 1
2026-08-04 18:46:24.654: [INFO] Profile: name=Profil 1 path=C:\Users\seif9\source\repos\Luminescence v1.03E\Luminescence v1.03E\bin\x64\Debug\Luminescence v1.03E.exe.WebView2\EBWebView\Default lastActive=2026-08-04T18:43:46.064Z
2026-08-04 18:46:24.654: [INFO] LastUsedProfileDir: C:\Users\seif9\source\repos\Luminescence v1.03E\Luminescence v1.03E\bin\x64\Debug\Luminescence v1.03E.exe.WebView2\EBWebView\Default
2026-08-04 18:46:24.654: [INFO] MostRecentlyActiveProfile: name=Profil 1 path=C:\Users\seif9\source\repos\Luminescence v1.03E\Luminescence v1.03E\bin\x64\Debug\Luminescence v1.03E.exe.WebView2\EBWebView\Default lastActive=2026-08-04T18:43:46.064Z
2026-08-04 18:46:24.654: [INFO] OnDoneLoading sync enabled: 0
2026-08-04 18:46:24.654: [INFO] BookmarkModelLoaded, ids_reassigned: 0
2026-08-04 18:46:24.654: [INFO] BookmarksLoadDropped droppedNodes=0
2026-08-04 18:46:24.654: [INFO] BookmarksSnapshot Startup total=0 bar=0 other=0 mobile=0 showBar=0 showBarNTP=1
2026-08-04 18:47:46.710: [INFO] BookmarksSnapshot Shutdown total=0 bar=0 other=0 mobile=0 showBar=0 showBarNTP=1
2026-08-04 18:48:35.214: [INFO] CurrentProfilePath: C:\Users\seif9\source\repos\Luminescence v1.03E\Luminescence v1.03E\bin\x64\Debug\Luminescence v1.03E.exe.WebView2\EBWebView\Default
2026-08-04 18:48:35.214: [INFO] Profiles total count: 1
2026-08-04 18:48:35.214: [INFO] Profile: name=Profil 1 path=C:\Users\seif9\source\repos\Luminescence v1.03E\Luminescence v1.03E\bin\x64\Debug\Luminescence v1.03E.exe.WebView2\EBWebView\Default lastActive=2026-08-04T18:43:46.064Z
2026-08-04 18:48:35.214: [INFO] LastUsedProfileDir: C:\Users\seif9\source\repos\Luminescence v1.03E\Luminescence v1.03E\bin\x64\Debug\Luminescence v1.03E.exe.WebView2\EBWebView\Default
2026-08-04 18:48:35.214: [INFO] MostRecentlyActiveProfile: name=Profil 1 path=C:\Users\seif9\source\repos\Luminescence v1.03E\Luminescence v1.03E\bin\x64\Debug\Luminescence v1.03E.exe.WebView2\EBWebView\Default lastActive=2026-08-04T18:43:46.064Z
2026-08-04 18:48:35.214: [INFO] OnDoneLoading sync enabled: 0
2026-08-04 18:48:35.214: [INFO] BookmarkModelLoaded, ids_reassigned: 0
2026-08-04 18:48:35.214: [INFO] BookmarksLoadDropped droppedNodes=0
2026-08-04 18:48:35.214: [INFO] BookmarksSnapshot Startup total=0 bar=0 other=0 mobile=0 showBar=0 showBarNTP=1
2026-08-04 18:50:51.440: [INFO] BookmarksSnapshot Shutdown total=0 bar=0 other=0 mobile=0 showBar=0 showBarNTP=1
2026-08-04 18:56:44.943: [INFO] CurrentProfilePath: C:\Users\seif9\source\repos\Luminescence v1.03E\Luminescence v1.03E\bin\x64\Debug\Luminescence v1.03E.exe.WebView2\EBWebView\Default
2026-08-04 18:56:44.943: [INFO] Profiles total count: 1
2026-08-04 18:56:44.944: [INFO] Profile: name=Profil 1 path=C:\Users\seif9\source\repos\Luminescence v1.03E\Luminescence v1.03E\bin\x64\Debug\Luminescence v1.03E.exe.WebView2\EBWebView\Default lastActive=2026-08-04T18:49:32.028Z
2026-08-04 18:56:44.944: [INFO] LastUsedProfileDir: C:\Users\seif9\source\repos\Luminescence v1.03E\Luminescence v1.03E\bin\x64\Debug\Luminescence v1.03E.exe.WebView2\EBWebView\Default
2026-08-04 18:56:44.944: [INFO] MostRecentlyActiveProfile: name=Profil 1 path=C:\Users\seif9\source\repos\Luminescence v1.03E\Luminescence v1.03E\bin\x64\Debug\Luminescence v1.03E.exe.WebView2\EBWebView\Default lastActive=2026-08-04T18:49:32.028Z
2026-08-04 18:56:44.944: [INFO] OnDoneLoading sync enabled: 0
2026-08-04 18:56:44.944: [INFO] BookmarkModelLoaded, ids_reassigned: 0
2026-08-04 18:56:44.944: [INFO] BookmarksLoadDropped droppedNodes=0
2026-08-04 18:56:44.944: [INFO] BookmarksSnapshot Startup total=0 bar=0 other=0 mobile=0 showBar=0 showBarNTP=1
2026-08-04 18:58:40.827: [INFO] BookmarksSnapshot Shutdown total=0 bar=0 other=0 mobile=0 showBar=0 showBarNTP=1
2026-08-04 18:58:42.887: [INFO] CurrentProfilePath: C:\Users\seif9\source\repos\Luminescence v1.03E\Luminescence v1.03E\bin\x64\Debug\Luminescence v1.03E.exe.WebView2\EBWebView\Default
2026-08-04 18:58:42.887: [INFO] Profiles total count: 1
2026-08-04 18:58:42.887: [INFO] Profile: name=Profil 1 path=C:\Users\seif9\source\repos\Luminescence v1.03E\Luminescence v1.03E\bin\x64\Debug\Luminescence v1.03E.exe.WebView2\EBWebView\Default lastActive=2026-08-04T18:57:16.526Z
2026-08-04 18:58:42.887: [INFO] LastUsedProfileDir: C:\Users\seif9\source\repos\Luminescence v1.03E\Luminescence v1.03E\bin\x64\Debug\Luminescence v1.03E.exe.WebView2\EBWebView\Default
2026-08-04 18:58:42.887: [INFO] MostRecentlyActiveProfile: name=Profil 1 path=C:\Users\seif9\source\repos\Luminescence v1.03E\Luminescence v1.03E\bin\x64\Debug\Luminescence v1.03E.exe.WebView2\EBWebView\Default lastActive=2026-08-04T18:57:16.526Z
2026-08-04 18:58:42.887: [INFO] OnDoneLoading sync enabled: 0
2026-08-04 18:58:42.887: [INFO] BookmarkModelLoaded, ids_reassigned: 0
2026-08-04 18:58:42.887: [INFO] BookmarksLoadDropped droppedNodes=0
2026-08-04 18:58:42.887: [INFO] BookmarksSnapshot Startup total=0 bar=0 other=0 mobile=0 showBar=0 showBarNTP=1
2026-08-04 19:03:49.269: [INFO] BookmarksSnapshot Shutdown total=0 bar=0 other=0 mobile=0 showBar=0 showBarNTP=1
2026-08-04 19:03:53.906: [INFO] CurrentProfilePath: C:\Users\seif9\source\repos\Luminescence v1.03E\Luminescence v1.03E\bin\x64\Debug\Luminescence v1.03E.exe.WebView2\EBWebView\Default
2026-08-04 19:03:53.906: [INFO] Profiles total count: 1
2026-08-04 19:03:53.907: [INFO] Profile: name=Profil 1 path=C:\Users\seif9\source\repos\Luminescence v1.03E\Luminescence v1.03E\bin\x64\Debug\Luminescence v1.03E.exe.WebView2\EBWebView\Default lastActive=2026-08-04T18:58:52.851Z
2026-08-04 19:03:53.907: [INFO] LastUsedProfileDir: C:\Users\seif9\source\repos\Luminescence v1.03E\Luminescence v1.03E\bin\x64\Debug\Luminescence v1.03E.exe.WebView2\EBWebView\Default
2026-08-04 19:03:53.907: [INFO] MostRecentlyActiveProfile: name=Profil 1 path=C:\Users\seif9\source\repos\Luminescence v1.03E\Luminescence v1.03E\bin\x64\Debug\Luminescence v1.03E.exe.WebView2\EBWebView\Default lastActive=2026-08-04T18:58:52.851Z
2026-08-04 19:03:53.907: [INFO] OnDoneLoading sync enabled: 0
2026-08-04 19:03:53.907: [INFO] BookmarkModelLoaded, ids_reassigned: 0
2026-08-04 19:03:53.907: [INFO] BookmarksLoadDropped droppedNodes=0
2026-08-04 19:03:53.907: [INFO] BookmarksSnapshot Startup total=0 bar=0 other=0 mobile=0 showBar=0 showBarNTP=1
2026-08-04 19:06:54.885: [INFO] BookmarksSnapshot Shutdown total=0 bar=0 other=0 mobile=0 showBar=0 showBarNTP=1
2026-08-04 19:08:43.409: [INFO] CurrentProfilePath: C:\Users\seif9\source\repos\Luminescence v1.03E\Luminescence v1.03E\bin\x64\Debug\Luminescence v1.03E.exe.WebView2\EBWebView\Default
2026-08-04 19:08:43.409: [INFO] Profiles total count: 1
2026-08-04 19:08:43.409: [INFO] Profile: name=Profil 1 path=C:\Users\seif9\source\repos\Luminescence v1.03E\Luminescence v1.03E\bin\x64\Debug\Luminescence v1.03E.exe.WebView2\EBWebView\Default lastActive=2026-08-04T19:04:01.222Z
2026-08-04 19:08:43.409: [INFO] LastUsedProfileDir: C:\Users\seif9\source\repos\Luminescence v1.03E\Luminescence v1.03E\bin\x64\Debug\Luminescence v1.03E.exe.WebView2\EBWebView\Default
2026-08-04 19:08:43.409: [INFO] MostRecentlyActiveProfile: name=Profil 1 path=C:\Users\seif9\source\repos\Luminescence v1.03E\Luminescence v1.03E\bin\x64\Debug\Luminescence v1.03E.exe.WebView2\EBWebView\Default lastActive=2026-08-04T19:04:01.222Z
2026-08-04 19:08:43.409: [INFO] OnDoneLoading sync enabled: 0
2026-08-04 19:08:43.409: [INFO] BookmarkModelLoaded, ids_reassigned: 0
2026-08-04 19:08:43.409: [INFO] BookmarksLoadDropped droppedNodes=0
2026-08-04 19:08:43.409: [INFO] BookmarksSnapshot Startup total=0 bar=0 other=0 mobile=0 showBar=0 showBarNTP=1
2026-08-04 19:09:09.373: [INFO] BookmarksSnapshot Shutdown total=0 bar=0 other=0 mobile=0 showBar=0 showBarNTP=1
2026-08-04 19:09:12.202: [INFO] CurrentProfilePath: C:\Users\seif9\source\repos\Luminescence v1.03E\Luminescence v1.03E\bin\x64\Debug\Luminescence v1.03E.exe.WebView2\EBWebView\Default
2026-08-04 19:09:12.202: [INFO] Profiles total count: 1
2026-08-04 19:09:12.202: [INFO] Profile: name=Profil 1 path=C:\Users\seif9\source\repos\Luminescence v1.03E\Luminescence v1.03E\bin\x64\Debug\Luminescence v1.03E.exe.WebView2\EBWebView\Default lastActive=2026-08-04T19:04:01.222Z
2026-08-04 19:09:12.202: [INFO] LastUsedProfileDir: C:\Users\seif9\source\repos\Luminescence v1.03E\Luminescence v1.03E\bin\x64\Debug\Luminescence v1.03E.exe.WebView2\EBWebView\Default
2026-08-04 19:09:12.202: [INFO] MostRecentlyActiveProfile: name=Profil 1 path=C:\Users\seif9\source\repos\Luminescence v1.03E\Luminescence v1.03E\bin\x64\Debug\Luminescence v1.03E.exe.WebView2\EBWebView\Default lastActive=2026-08-04T19:04:01.222Z
2026-08-04 19:09:12.202: [INFO] OnDoneLoading sync enabled: 0
2026-08-04 19:09:12.202: [INFO] BookmarkModelLoaded, ids_reassigned: 0
2026-08-04 19:09:12.202: [INFO] BookmarksLoadDropped droppedNodes=0
2026-08-04 19:09:12.202: [INFO] BookmarksSnapshot Startup total=0 bar=0 other=0 mobile=0 showBar=0 showBarNTP=1
2026-08-04 19:10:32.140: [INFO] BookmarksSnapshot Shutdown total=0 bar=0 other=0 mobile=0 showBar=0 showBarNTP=1
2026-08-04 19:11:21.343: [INFO] CurrentProfilePath: C:\Users\seif9\source\repos\Luminescence v1.03E\Luminescence v1.03E\bin\x64\Debug\Luminescence v1.03E.exe.WebView2\EBWebView\Default
2026-08-04 19:11:21.343: [INFO] Profiles total count: 1
2026-08-04 19:11:21.343: [INFO] Profile: name=Profil 1 path=C:\Users\seif9\source\repos\Luminescence v1.03E\Luminescence v1.03E\bin\x64\Debug\Luminescence v1.03E.exe.WebView2\EBWebView\Default lastActive=2026-08-04T19:04:01.222Z
2026-08-04 19:11:21.343: [INFO] LastUsedProfileDir: C:\Users\seif9\source\repos\Luminescence v1.03E\Luminescence v1.03E\bin\x64\Debug\Luminescence v1.03E.exe.WebView2\EBWebView\Default
2026-08-04 19:11:21.343: [INFO] MostRecentlyActiveProfile: name=Profil 1 path=C:\Users\seif9\source\repos\Luminescence v1.03E\Luminescence v1.03E\bin\x64\Debug\Luminescence v1.03E.exe.WebView2\EBWebView\Default lastActive=2026-08-04T19:04:01.222Z
2026-08-04 19:11:21.343: [INFO] OnDoneLoading sync enabled: 0
2026-08-04 19:11:21.343: [INFO] BookmarkModelLoaded, ids_reassigned: 0
2026-08-04 19:11:21.343: [INFO] BookmarksLoadDropped droppedNodes=0
2026-08-04 19:11:21.343: [INFO] BookmarksSnapshot Startup total=0 bar=0 other=0 mobile=0 showBar=0 showBarNTP=1
2026-08-04 19:11:29.289: [INFO] BookmarksSnapshot Shutdown total=0 bar=0 other=0 mobile=0 showBar=0 showBarNTP=1
2026-08-04 19:11:40.577: [INFO] CurrentProfilePath: C:\Users\seif9\source\repos\Luminescence v1.03E\Luminescence v1.03E\bin\x64\Debug\Luminescence v1.03E.exe.WebView2\EBWebView\Default
2026-08-04 19:11:40.577: [INFO] Profiles total count: 1
2026-08-04 19:11:40.577: [INFO] Profile: name=Profil 1 path=C:\Users\seif9\source\repos\Luminescence v1.03E\Luminescence v1.03E\bin\x64\Debug\Luminescence v1.03E.exe.WebView2\EBWebView\Default lastActive=2026-08-04T19:11:23.892Z
2026-08-04 19:11:40.577: [INFO] LastUsedProfileDir: C:\Users\seif9\source\repos\Luminescence v1.03E\Luminescence v1.03E\bin\x64\Debug\Luminescence v1.03E.exe.WebView2\EBWebView\Default
2026-08-04 19:11:40.578: [INFO] MostRecentlyActiveProfile: name=Profil 1 path=C:\Users\seif9\source\repos\Luminescence v1.03E\Luminescence v1.03E\bin\x64\Debug\Luminescence v1.03E.exe.WebView2\EBWebView\Default lastActive=2026-08-04T19:11:23.892Z
2026-08-04 19:11:40.578: [INFO] OnDoneLoading sync enabled: 0
2026-08-04 19:11:40.578: [INFO] BookmarkModelLoaded, ids_reassigned: 0
2026-08-04 19:11:40.578: [INFO] BookmarksLoadDropped droppedNodes=0
2026-08-04 19:11:40.578: [INFO] BookmarksSnapshot Startup total=0 bar=0 other=0 mobile=0 showBar=0 showBarNTP=1
2026-08-04 19:13:23.591: [INFO] BookmarksSnapshot Shutdown total=0 bar=0 other=0 mobile=0 showBar=0 showBarNTP=1
2026-08-04 19:13:25.808: [INFO] CurrentProfilePath: C:\Users\seif9\source\repos\Luminescence v1.03E\Luminescence v1.03E\bin\x64\Debug\Luminescence v1.03E.exe.WebView2\EBWebView\Default
2026-08-04 19:13:25.808: [INFO] Profiles total count: 1
2026-08-04 19:13:25.809: [INFO] Profile: name=Profil 1 path=C:\Users\seif9\source\repos\Luminescence v1.03E\Luminescence v1.03E\bin\x64\Debug\Luminescence v1.03E.exe.WebView2\EBWebView\Default lastActive=2026-08-04T19:11:23.892Z
2026-08-04 19:13:25.809: [INFO] LastUsedProfileDir: C:\Users\seif9\source\repos\Luminescence v1.03E\Luminescence v1.03E\bin\x64\Debug\Luminescence v1.03E.exe.WebView2\EBWebView\Default
2026-08-04 19:13:25.809: [INFO] MostRecentlyActiveProfile: name=Profil 1 path=C:\Users\seif9\source\repos\Luminescence v1.03E\Luminescence v1.03E\bin\x64\Debug\Luminescence v1.03E.exe.WebView2\EBWebView\Default lastActive=2026-08-04T19:11:23.892Z
2026-08-04 19:13:25.809: [INFO] OnDoneLoading sync enabled: 0
2026-08-04 19:13:25.809: [INFO] BookmarkModelLoaded, ids_reassigned: 0
2026-08-04 19:13:25.809: [INFO] BookmarksLoadDropped droppedNodes=0
2026-08-04 19:13:25.809: [INFO] BookmarksSnapshot Startup total=0 bar=0 other=0 mobile=0 showBar=0 showBarNTP=1
2026-08-04 19:13:47.675: [INFO] BookmarksSnapshot Shutdown total=0 bar=0 other=0 mobile=0 showBar=0 showBarNTP=1
2026-08-04 19:13:55.945: [INFO] CurrentProfilePath: C:\Users\seif9\source\repos\Luminescence v1.03E\Luminescence v1.03E\bin\x64\Debug\Luminescence v1.03E.exe.WebView2\EBWebView\Default
2026-08-04 19:13:55.945: [INFO] Profiles total count: 1
2026-08-04 19:13:55.945: [INFO] Profile: name=Profil 1 path=C:\Users\seif9\source\repos\Luminescence v1.03E\Luminescence v1.03E\bin\x64\Debug\Luminescence v1.03E.exe.WebView2\EBWebView\Default lastActive=2026-08-04T19:11:23.892Z
2026-08-04 19:13:55.945: [INFO] LastUsedProfileDir: C:\Users\seif9\source\repos\Luminescence v1.03E\Luminescence v1.03E\bin\x64\Debug\Luminescence v1.03E.exe.WebView2\EBWebView\Default
2026-08-04 19:13:55.946: [INFO] MostRecentlyActiveProfile: name=Profil 1 path=C:\Users\seif9\source\repos\Luminescence v1.03E\Luminescence v1.03E\bin\x64\Debug\Luminescence v1.03E.exe.WebView2\EBWebView\Default lastActive=2026-08-04T19:11:23.892Z
2026-08-04 19:13:55.946: [INFO] OnDoneLoading sync enabled: 0
2026-08-04 19:13:55.946: [INFO] BookmarkModelLoaded, ids_reassigned: 0
2026-08-04 19:13:55.946: [INFO] BookmarksLoadDropped droppedNodes=0
2026-08-04 19:13:55.946: [INFO] BookmarksSnapshot Startup total=0 bar=0 other=0 mobile=0 showBar=0 showBarNTP=1
2026-08-04 19:15:47.021: [INFO] BookmarksSnapshot Shutdown total=0 bar=0 other=0 mobile=0 showBar=0 showBarNTP=1
2026-08-04 19:16:04.160: [INFO] CurrentProfilePath: C:\Users\seif9\source\repos\Luminescence v1.03E\Luminescence v1.03E\bin\x64\Debug\Luminescence v1.03E.exe.WebView2\EBWebView\Default
2026-08-04 19:16:04.160: [INFO] Profiles total count: 1
2026-08-04 19:16:04.161: [INFO] Profile: name=Profil 1 path=C:\Users\seif9\source\repos\Luminescence v1.03E\Luminescence v1.03E\bin\x64\Debug\Luminescence v1.03E.exe.WebView2\EBWebView\Default lastActive=2026-08-04T19:15:07.586Z
2026-08-04 19:16:04.161: [INFO] LastUsedProfileDir: C:\Users\seif9\source\repos\Luminescence v1.03E\Luminescence v1.03E\bin\x64\Debug\Luminescence v1.03E.exe.WebView2\EBWebView\Default
2026-08-04 19:16:04.161: [INFO] MostRecentlyActiveProfile: name=Profil 1 path=C:\Users\seif9\source\repos\Luminescence v1.03E\Luminescence v1.03E\bin\x64\Debug\Luminescence v1.03E.exe.WebView2\EBWebView\Default lastActive=2026-08-04T19:15:07.586Z
2026-08-04 19:16:04.161: [INFO] OnDoneLoading sync enabled: 0
2026-08-04 19:16:04.161: [INFO] BookmarkModelLoaded, ids_reassigned: 0
2026-08-04 19:16:04.161: [INFO] BookmarksLoadDropped droppedNodes=0
2026-08-04 19:16:04.161: [INFO] BookmarksSnapshot Startup total=0 bar=0 other=0 mobile=0 showBar=0 showBarNTP=1
2026-08-04 19:21:21.365: [INFO] BookmarksSnapshot Shutdown total=0 bar=0 other=0 mobile=0 showBar=0 showBarNTP=1
2026-08-04 19:21:25.897: [INFO] CurrentProfilePath: C:\Users\seif9\source\repos\Luminescence v1.03E\Luminescence v1.03E\bin\x64\Debug\Luminescence v1.03E.exe.WebView2\EBWebView\Default
2026-08-04 19:21:25.897: [INFO] Profiles total count: 1
2026-08-04 19:21:25.898: [INFO] Profile: name=Profil 1 path=C:\Users\seif9\source\repos\Luminescence v1.03E\Luminescence v1.03E\bin\x64\Debug\Luminescence v1.03E.exe.WebView2\EBWebView\Default lastActive=2026-08-04T19:16:49.378Z
2026-08-04 19:21:25.898: [INFO] LastUsedProfileDir: C:\Users\seif9\source\repos\Luminescence v1.03E\Luminescence v1.03E\bin\x64\Debug\Luminescence v1.03E.exe.WebView2\EBWebView\Default
2026-08-04 19:21:25.898: [INFO] MostRecentlyActiveProfile: name=Profil 1 path=C:\Users\seif9\source\repos\Luminescence v1.03E\Luminescence v1.03E\bin\x64\Debug\Luminescence v1.03E.exe.WebView2\EBWebView\Default lastActive=2026-08-04T19:16:49.378Z
2026-08-04 19:21:25.898: [INFO] OnDoneLoading sync enabled: 0
2026-08-04 19:21:25.898: [INFO] BookmarkModelLoaded, ids_reassigned: 0
2026-08-04 19:21:25.898: [INFO] BookmarksLoadDropped droppedNodes=0
2026-08-04 19:21:25.898: [INFO] BookmarksSnapshot Startup total=0 bar=0 other=0 mobile=0 showBar=0 showBarNTP=1
2026-08-04 19:21:55.758: [INFO] BookmarksSnapshot Shutdown total=0 bar=0 other=0 mobile=0 showBar=0 showBarNTP=1
2026-08-05 08:48:49.930: [INFO] CurrentProfilePath: C:\Users\seif9\source\repos\Luminescence v1.03E\Luminescence v1.03E\bin\x64\Debug\Luminescence v1.03E.exe.WebView2\EBWebView\Default
2026-08-05 08:48:49.930: [INFO] Profiles total count: 1
2026-08-05 08:48:49.930: [INFO] Profile: name=Profil 1 path=C:\Users\seif9\source\repos\Luminescence v1.03E\Luminescence v1.03E\bin\x64\Debug\Luminescence v1.03E.exe.WebView2\EBWebView\Default lastActive=2026-08-04T19:16:49.378Z
2026-08-05 08:48:49.930: [INFO] LastUsedProfileDir: C:\Users\seif9\source\repos\Luminescence v1.03E\Luminescence v1.03E\bin\x64\Debug\Luminescence v1.03E.exe.WebView2\EBWebView\Default
2026-08-05 08:48:49.930: [INFO] MostRecentlyActiveProfile: name=Profil 1 path=C:\Users\seif9\source\repos\Luminescence v1.03E\Luminescence v1.03E\bin\x64\Debug\Luminescence v1.03E.exe.WebView2\EBWebView\Default lastActive=2026-08-04T19:16:49.378Z
2026-08-05 08:48:49.930: [INFO] OnDoneLoading sync enabled: 0
2026-08-05 08:48:49.930: [INFO] BookmarkModelLoaded, ids_reassigned: 0
2026-08-05 08:48:49.930: [INFO] BookmarksLoadDropped droppedNodes=0
2026-08-05 08:48:49.930: [INFO] BookmarksSnapshot Startup total=0 bar=0 other=0 mobile=0 showBar=0 showBarNTP=1
2026-08-05 08:49:51.306: [INFO] BookmarksSnapshot Shutdown total=0 bar=0 other=0 mobile=0 showBar=0 showBarNTP=1
2026-08-05 08:50:03.607: [INFO] CurrentProfilePath: C:\Users\seif9\source\repos\Luminescence v1.03E\Luminescence v1.03E\bin\x64\Debug\Luminescence v1.03E.exe.WebView2\EBWebView\Default
2026-08-05 08:50:03.607: [INFO] Profiles total count: 1
2026-08-05 08:50:03.607: [INFO] Profile: name=Profil 1 path=C:\Users\seif9\source\repos\Luminescence v1.03E\Luminescence v1.03E\bin\x64\Debug\Luminescence v1.03E.exe.WebView2\EBWebView\Default lastActive=2026-08-05T08:49:37.217Z
2026-08-05 08:50:03.607: [INFO] LastUsedProfileDir: C:\Users\seif9\source\repos\Luminescence v1.03E\Luminescence v1.03E\bin\x64\Debug\Luminescence v1.03E.exe.WebView2\EBWebView\Default
2026-08-05 08:50:03.608: [INFO] MostRecentlyActiveProfile: name=Profil 1 path=C:\Users\seif9\source\repos\Luminescence v1.03E\Luminescence v1.03E\bin\x64\Debug\Luminescence v1.03E.exe.WebView2\EBWebView\Default lastActive=2026-08-05T08:49:37.217Z
2026-08-05 08:50:03.608: [INFO] OnDoneLoading sync enabled: 0
2026-08-05 08:50:03.608: [INFO] BookmarkModelLoaded, ids_reassigned: 0
2026-08-05 08:50:03.608: [INFO] BookmarksLoadDropped droppedNodes=0
2026-08-05 08:50:03.608: [INFO] BookmarksSnapshot Startup total=0 bar=0 other=0 mobile=0 showBar=0 showBarNTP=1
2026-08-05 08:58:02.344: [INFO] BookmarksSnapshot Shutdown total=0 bar=0 other=0 mobile=0 showBar=0 showBarNTP=1
2026-08-05 08:58:06.291: [INFO] CurrentProfilePath: C:\Users\seif9\source\repos\Luminescence v1.03E\Luminescence v1.03E\bin\x64\Debug\Luminescence v1.03E.exe.WebView2\EBWebView\Default
2026-08-05 08:58:06.291: [INFO] Profiles total count: 1
2026-08-05 08:58:06.292: [INFO] Profile: name=Profil 1 path=C:\Users\seif9\source\repos\Luminescence v1.03E\Luminescence v1.03E\bin\x64\Debug\Luminescence v1.03E.exe.WebView2\EBWebView\Default lastActive=2026-08-05T08:49:37.217Z
2026-08-05 08:58:06.292: [INFO] LastUsedProfileDir: C:\Users\seif9\source\repos\Luminescence v1.03E\Luminescence v1.03E\bin\x64\Debug\Luminescence v1.03E.exe.WebView2\EBWebView\Default
2026-08-05 08:58:06.292: [INFO] MostRecentlyActiveProfile: name=Profil 1 path=C:\Users\seif9\source\repos\Luminescence v1.03E\Luminescence v1.03E\bin\x64\Debug\Luminescence v1.03E.exe.WebView2\EBWebView\Default lastActive=2026-08-05T08:49:37.217Z
2026-08-05 08:58:06.292: [INFO] OnDoneLoading sync enabled: 0
2026-08-05 08:58:06.292: [INFO] BookmarkModelLoaded, ids_reassigned: 0
2026-08-05 08:58:06.292: [INFO] BookmarksLoadDropped droppedNodes=0
2026-08-05 08:58:06.292: [INFO] BookmarksSnapshot Startup total=0 bar=0 other=0 mobile=0 showBar=0 showBarNTP=1
2026-08-05 09:00:52.028: [INFO] BookmarksSnapshot Shutdown total=0 bar=0 other=0 mobile=0 showBar=0 showBarNTP=1
2026-08-05 09:00:56.945: [INFO] CurrentProfilePath: C:\Users\seif9\source\repos\Luminescence v1.03E\Luminescence v1.03E\bin\x64\Debug\Luminescence v1.03E.exe.WebView2\EBWebView\Default
2026-08-05 09:00:56.945: [INFO] Profiles total count: 1
2026-08-05 09:00:56.945: [INFO] Profile: name=Profil 1 path=C:\Users\seif9\source\repos\Luminescence v1.03E\Luminescence v1.03E\bin\x64\Debug\Luminescence v1.03E.exe.WebView2\EBWebView\Default lastActive=2026-08-05T08:49:37.217Z
2026-08-05 09:00:56.945: [INFO] LastUsedProfileDir: C:\Users\seif9\source\repos\Luminescence v1.03E\Luminescence v1.03E\bin\x64\Debug\Luminescence v1.03E.exe.WebView2\EBWebView\Default
2026-08-05 09:00:56.945: [INFO] MostRecentlyActiveProfile: name=Profil 1 path=C:\Users\seif9\source\repos\Luminescence v1.03E\Luminescence v1.03E\bin\x64\Debug\Luminescence v1.03E.exe.WebView2\EBWebView\Default lastActive=2026-08-05T08:49:37.217Z
2026-08-05 09:00:56.945: [INFO] OnDoneLoading sync enabled: 0
2026-08-05 09:00:56.945: [INFO] BookmarkModelLoaded, ids_reassigned: 0
2026-08-05 09:00:56.945: [INFO] BookmarksLoadDropped droppedNodes=0
2026-08-05 09:00:56.945: [INFO] BookmarksSnapshot Startup total=0 bar=0 other=0 mobile=0 showBar=0 showBarNTP=1
2026-08-05 09:02:01.066: [INFO] BookmarksSnapshot Shutdown total=0 bar=0 other=0 mobile=0 showBar=0 showBarNTP=1
2026-08-05 09:02:03.565: [INFO] CurrentProfilePath: C:\Users\seif9\source\repos\Luminescence v1.03E\Luminescence v1.03E\bin\x64\Debug\Luminescence v1.03E.exe.WebView2\EBWebView\Default
2026-08-05 09:02:03.565: [INFO] Profiles total count: 1
2026-08-05 09:02:03.565: [INFO] Profile: name=Profil 1 path=C:\Users\seif9\source\repos\Luminescence v1.03E\Luminescence v1.03E\bin\x64\Debug\Luminescence v1.03E.exe.WebView2\EBWebView\Default lastActive=2026-08-05T09:01:02.489Z
2026-08-05 09:02:03.565: [INFO] LastUsedProfileDir: C:\Users\seif9\source\repos\Luminescence v1.03E\Luminescence v1.03E\bin\x64\Debug\Luminescence v1.03E.exe.WebView2\EBWebView\Default
2026-08-05 09:02:03.565: [INFO] MostRecentlyActiveProfile: name=Profil 1 path=C:\Users\seif9\source\repos\Luminescence v1.03E\Luminescence v1.03E\bin\x64\Debug\Luminescence v1.03E.exe.WebView2\EBWebView\Default lastActive=2026-08-05T09:01:02.489Z
2026-08-05 09:02:03.565: [INFO] OnDoneLoading sync enabled: 0
2026-08-05 09:02:03.565: [INFO] BookmarkModelLoaded, ids_reassigned: 0
2026-08-05 09:02:03.565: [INFO] BookmarksLoadDropped droppedNodes=0
2026-08-05 09:02:03.565: [INFO] BookmarksSnapshot Startup total=0 bar=0 other=0 mobile=0 showBar=0 showBarNTP=1
2026-08-05 09:03:36.713: [INFO] BookmarksSnapshot Shutdown total=0 bar=0 other=0 mobile=0 showBar=0 showBarNTP=1
2026-08-05 09:04:10.865: [INFO] CurrentProfilePath: C:\Users\seif9\source\repos\Luminescence v1.03E\Luminescence v1.03E\bin\x64\Debug\Luminescence v1.03E.exe.WebView2\EBWebView\Default
2026-08-05 09:04:10.865: [INFO] Profiles total count: 1
2026-08-05 09:04:10.865: [INFO] Profile: name=Profil 1 path=C:\Users\seif9\source\repos\Luminescence v1.03E\Luminescence v1.03E\bin\x64\Debug\Luminescence v1.03E.exe.WebView2\EBWebView\Default lastActive=2026-08-05T09:01:02.489Z
2026-08-05 09:04:10.865: [INFO] LastUsedProfileDir: C:\Users\seif9\source\repos\Luminescence v1.03E\Luminescence v1.03E\bin\x64\Debug\Luminescence v1.03E.exe.WebView2\EBWebView\Default
2026-08-05 09:04:10.865: [INFO] MostRecentlyActiveProfile: name=Profil 1 path=C:\Users\seif9\source\repos\Luminescence v1.03E\Luminescence v1.03E\bin\x64\Debug\Luminescence v1.03E.exe.WebView2\EBWebView\Default lastActive=2026-08-05T09:01:02.489Z
2026-08-05 09:04:10.866: [INFO] OnDoneLoading sync enabled: 0
2026-08-05 09:04:10.866: [INFO] BookmarkModelLoaded, ids_reassigned: 0
2026-08-05 09:04:10.866: [INFO] BookmarksLoadDropped droppedNodes=0
2026-08-05 09:04:10.866: [INFO] BookmarksSnapshot Startup total=0 bar=0 other=0 mobile=0 showBar=0 showBarNTP=1
2026-08-05 09:05:44.752: [INFO] BookmarksSnapshot Shutdown total=0 bar=0 other=0 mobile=0 showBar=0 showBarNTP=1
2026-08-05 09:05:50.302: [INFO] CurrentProfilePath: C:\Users\seif9\source\repos\Luminescence v1.03E\Luminescence v1.03E\bin\x64\Debug\Luminescence v1.03E.exe.WebView2\EBWebView\Default
2026-08-05 09:05:50.302: [INFO] Profiles total count: 1
2026-08-05 09:05:50.303: [INFO] Profile: name=Profil 1 path=C:\Users\seif9\source\repos\Luminescence v1.03E\Luminescence v1.03E\bin\x64\Debug\Luminescence v1.03E.exe.WebView2\EBWebView\Default lastActive=2026-08-05T09:01:02.489Z
2026-08-05 09:05:50.303: [INFO] LastUsedProfileDir: C:\Users\seif9\source\repos\Luminescence v1.03E\Luminescence v1.03E\bin\x64\Debug\Luminescence v1.03E.exe.WebView2\EBWebView\Default
2026-08-05 09:05:50.303: [INFO] MostRecentlyActiveProfile: name=Profil 1 path=C:\Users\seif9\source\repos\Luminescence v1.03E\Luminescence v1.03E\bin\x64\Debug\Luminescence v1.03E.exe.WebView2\EBWebView\Default lastActive=2026-08-05T09:01:02.489Z
2026-08-05 09:05:50.303: [INFO] OnDoneLoading sync enabled: 0
2026-08-05 09:05:50.303: [INFO] BookmarkModelLoaded, ids_reassigned: 0
2026-08-05 09:05:50.303: [INFO] BookmarksLoadDropped droppedNodes=0
2026-08-05 09:05:50.303: [INFO] BookmarksSnapshot Startup total=0 bar=0 other=0 mobile=0 showBar=0 showBarNTP=1
2026-08-05 09:07:30.477: [INFO] BookmarksSnapshot Shutdown total=0 bar=0 other=0 mobile=0 showBar=0 showBarNTP=1
2026-08-05 09:07:35.930: [INFO] CurrentProfilePath: C:\Users\seif9\source\repos\Luminescence v1.03E\Luminescence v1.03E\bin\x64\Debug\Luminescence v1.03E.exe.WebView2\EBWebView\Default
2026-08-05 09:07:35.930: [INFO] Profiles total count: 1
2026-08-05 09:07:35.930: [INFO] Profile: name=Profil 1 path=C:\Users\seif9\source\repos\Luminescence v1.03E\Luminescence v1.03E\bin\x64\Debug\Luminescence v1.03E.exe.WebView2\EBWebView\Default lastActive=2026-08-05T09:01:02.489Z
2026-08-05 09:07:35.930: [INFO] LastUsedProfileDir: C:\Users\seif9\source\repos\Luminescence v1.03E\Luminescence v1.03E\bin\x64\Debug\Luminescence v1.03E.exe.WebView2\EBWebView\Default
2026-08-05 09:07:35.930: [INFO] MostRecentlyActiveProfile: name=Profil 1 path=C:\Users\seif9\source\repos\Luminescence v1.03E\Luminescence v1.03E\bin\x64\Debug\Luminescence v1.03E.exe.WebView2\EBWebView\Default lastActive=2026-08-05T09:01:02.489Z
2026-08-05 09:07:35.930: [INFO] OnDoneLoading sync enabled: 0
2026-08-05 09:07:35.930: [INFO] BookmarkModelLoaded, ids_reassigned: 0
2026-08-05 09:07:35.930: [INFO] BookmarksLoadDropped droppedNodes=0
2026-08-05 09:07:35.930: [INFO] BookmarksSnapshot Startup total=0 bar=0 other=0 mobile=0 showBar=0 showBarNTP=1
2026-08-05 09:08:02.606: [INFO] BookmarksSnapshot Shutdown total=0 bar=0 other=0 mobile=0 showBar=0 showBarNTP=1
2026-08-05 09:08:04.245: [INFO] CurrentProfilePath: C:\Users\seif9\source\repos\Luminescence v1.03E\Luminescence v1.03E\bin\x64\Debug\Luminescence v1.03E.exe.WebView2\EBWebView\Default
2026-08-05 09:08:04.245: [INFO] Profiles total count: 1
2026-08-05 09:08:04.245: [INFO] Profile: name=Profil 1 path=C:\Users\seif9\source\repos\Luminescence v1.03E\Luminescence v1.03E\bin\x64\Debug\Luminescence v1.03E.exe.WebView2\EBWebView\Default lastActive=2026-08-05T09:01:02.489Z
2026-08-05 09:08:04.245: [INFO] LastUsedProfileDir: C:\Users\seif9\source\repos\Luminescence v1.03E\Luminescence v1.03E\bin\x64\Debug\Luminescence v1.03E.exe.WebView2\EBWebView\Default
2026-08-05 09:08:04.245: [INFO] MostRecentlyActiveProfile: name=Profil 1 path=C:\Users\seif9\source\repos\Luminescence v1.03E\Luminescence v1.03E\bin\x64\Debug\Luminescence v1.03E.exe.WebView2\EBWebView\Default lastActive=2026-08-05T09:01:02.489Z
2026-08-05 09:08:04.245: [INFO] OnDoneLoading sync enabled: 0
2026-08-05 09:08:04.245: [INFO] BookmarkModelLoaded, ids_reassigned: 0
2026-08-05 09:08:04.245: [INFO] BookmarksLoadDropped droppedNodes=0
2026-08-05 09:08:04.245: [INFO] BookmarksSnapshot Startup total=0 bar=0 other=0 mobile=0 showBar=0 showBarNTP=1
2026-08-05 09:11:16.085: [INFO] BookmarksSnapshot Shutdown total=0 bar=0 other=0 mobile=0 showBar=0 showBarNTP=1
2026-08-05 09:11:19.785: [INFO] CurrentProfilePath: C:\Users\seif9\source\repos\Luminescence v1.03E\Luminescence v1.03E\bin\x64\Debug\Luminescence v1.03E.exe.WebView2\EBWebView\Default
2026-08-05 09:11:19.785: [INFO] Profiles total count: 1
2026-08-05 09:11:19.786: [INFO] Profile: name=Profil 1 path=C:\Users\seif9\source\repos\Luminescence v1.03E\Luminescence v1.03E\bin\x64\Debug\Luminescence v1.03E.exe.WebView2\EBWebView\Default lastActive=2026-08-05T09:01:02.489Z
2026-08-05 09:11:19.786: [INFO] LastUsedProfileDir: C:\Users\seif9\source\repos\Luminescence v1.03E\Luminescence v1.03E\bin\x64\Debug\Luminescence v1.03E.exe.WebView2\EBWebView\Default
2026-08-05 09:11:19.786: [INFO] MostRecentlyActiveProfile: name=Profil 1 path=C:\Users\seif9\source\repos\Luminescence v1.03E\Luminescence v1.03E\bin\x64\Debug\Luminescence v1.03E.exe.WebView2\EBWebView\Default lastActive=2026-08-05T09:01:02.489Z
2026-08-05 09:11:19.786: [INFO] OnDoneLoading sync enabled: 0
2026-08-05 09:11:19.786: [INFO] BookmarkModelLoaded, ids_reassigned: 0
2026-08-05 09:11:19.786: [INFO] BookmarksLoadDropped droppedNodes=0
2026-08-05 09:11:19.786: [INFO] BookmarksSnapshot Startup total=0 bar=0 other=0 mobile=0 showBar=0 showBarNTP=1
2026-08-05 09:11:44.240: [INFO] BookmarksSnapshot Shutdown total=0 bar=0 other=0 mobile=0 showBar=0 showBarNTP=1
2026-08-05 09:11:45.619: [INFO] CurrentProfilePath: C:\Users\seif9\source\repos\Luminescence v1.03E\Luminescence v1.03E\bin\x64\Debug\Luminescence v1.03E.exe.WebView2\EBWebView\Default
2026-08-05 09:11:45.619: [INFO] Profiles total count: 1
2026-08-05 09:11:45.619: [INFO] Profile: name=Profil 1 path=C:\Users\seif9\source\repos\Luminescence v1.03E\Luminescence v1.03E\bin\x64\Debug\Luminescence v1.03E.exe.WebView2\EBWebView\Default lastActive=2026-08-05T09:01:02.489Z
2026-08-05 09:11:45.619: [INFO] LastUsedProfileDir: C:\Users\seif9\source\repos\Luminescence v1.03E\Luminescence v1.03E\bin\x64\Debug\Luminescence v1.03E.exe.WebView2\EBWebView\Default
2026-08-05 09:11:45.619: [INFO] MostRecentlyActiveProfile: name=Profil 1 path=C:\Users\seif9\source\repos\Luminescence v1.03E\Luminescence v1.03E\bin\x64\Debug\Luminescence v1.03E.exe.WebView2\EBWebView\Default lastActive=2026-08-05T09:01:02.489Z
2026-08-05 09:11:45.619: [INFO] OnDoneLoading sync enabled: 0
2026-08-05 09:11:45.619: [INFO] BookmarkModelLoaded, ids_reassigned: 0
2026-08-05 09:11:45.619: [INFO] BookmarksLoadDropped droppedNodes=0
2026-08-05 09:11:45.619: [INFO] BookmarksSnapshot Startup total=0 bar=0 other=0 mobile=0 showBar=0 showBarNTP=1
2026-08-05 09:14:47.920: [INFO] BookmarksSnapshot Shutdown total=0 bar=0 other=0 mobile=0 showBar=0 showBarNTP=1
2026-08-05 09:14:51.568: [INFO] CurrentProfilePath: C:\Users\seif9\source\repos\Luminescence v1.03E\Luminescence v1.03E\bin\x64\Debug\Luminescence v1.03E.exe.WebView2\EBWebView\Default
2026-08-05 09:14:51.568: [INFO] Profiles total count: 1
2026-08-05 09:14:51.568: [INFO] Profile: name=Profil 1 path=C:\Users\seif9\source\repos\Luminescence v1.03E\Luminescence v1.03E\bin\x64\Debug\Luminescence v1.03E.exe.WebView2\EBWebView\Default lastActive=2026-08-05T09:11:46.900Z
2026-08-05 09:14:51.568: [INFO] LastUsedProfileDir: C:\Users\seif9\source\repos\Luminescence v1.03E\Luminescence v1.03E\bin\x64\Debug\Luminescence v1.03E.exe.WebView2\EBWebView\Default
2026-08-05 09:14:51.568: [INFO] MostRecentlyActiveProfile: name=Profil 1 path=C:\Users\seif9\source\repos\Luminescence v1.03E\Luminescence v1.03E\bin\x64\Debug\Luminescence v1.03E.exe.WebView2\EBWebView\Default lastActive=2026-08-05T09:11:46.900Z
2026-08-05 09:14:51.568: [INFO] OnDoneLoading sync enabled: 0
2026-08-05 09:14:51.568: [INFO] BookmarkModelLoaded, ids_reassigned: 0
2026-08-05 09:14:51.568: [INFO] BookmarksLoadDropped droppedNodes=0
2026-08-05 09:14:51.568: [INFO] BookmarksSnapshot Startup total=0 bar=0 other=0 mobile=0 showBar=0 showBarNTP=1
2026-08-05 09:17:40.010: [INFO] BookmarksSnapshot Shutdown total=0 bar=0 other=0 mobile=0 showBar=0 showBarNTP=1
2026-08-05 09:17:44.927: [INFO] CurrentProfilePath: C:\Users\seif9\source\repos\Luminescence v1.03E\Luminescence v1.03E\bin\x64\Debug\Luminescence v1.03E.exe.WebView2\EBWebView\Default
2026-08-05 09:17:44.927: [INFO] Profiles total count: 1
2026-08-05 09:17:44.927: [INFO] Profile: name=Profil 1 path=C:\Users\seif9\source\repos\Luminescence v1.03E\Luminescence v1.03E\bin\x64\Debug\Luminescence v1.03E.exe.WebView2\EBWebView\Default lastActive=2026-08-05T09:15:00.772Z
2026-08-05 09:17:44.927: [INFO] LastUsedProfileDir: C:\Users\seif9\source\repos\Luminescence v1.03E\Luminescence v1.03E\bin\x64\Debug\Luminescence v1.03E.exe.WebView2\EBWebView\Default
2026-08-05 09:17:44.927: [INFO] MostRecentlyActiveProfile: name=Profil 1 path=C:\Users\seif9\source\repos\Luminescence v1.03E\Luminescence v1.03E\bin\x64\Debug\Luminescence v1.03E.exe.WebView2\EBWebView\Default lastActive=2026-08-05T09:15:00.772Z
2026-08-05 09:17:44.927: [INFO] OnDoneLoading sync enabled: 0
2026-08-05 09:17:44.927: [INFO] BookmarkModelLoaded, ids_reassigned: 0
2026-08-05 09:17:44.927: [INFO] BookmarksLoadDropped droppedNodes=0
2026-08-05 09:17:44.927: [INFO] BookmarksSnapshot Startup total=0 bar=0 other=0 mobile=0 showBar=0 showBarNTP=1
2026-08-05 09:18:51.971: [INFO] BookmarksSnapshot Shutdown total=0 bar=0 other=0 mobile=0 showBar=0 showBarNTP=1
2026-08-05 09:19:17.691: [INFO] CurrentProfilePath: C:\Users\seif9\source\repos\Luminescence v1.03E\Luminescence v1.03E\bin\x64\Debug\Luminescence v1.03E.exe.WebView2\EBWebView\Default
2026-08-05 09:19:17.691: [INFO] Profiles total count: 1
2026-08-05 09:19:17.691: [INFO] Profile: name=Profil 1 path=C:\Users\seif9\source\repos\Luminescence v1.03E\Luminescence v1.03E\bin\x64\Debug\Luminescence v1.03E.exe.WebView2\EBWebView\Default lastActive=2026-08-05T09:15:00.772Z
2026-08-05 09:19:17.691: [INFO] LastUsedProfileDir: C:\Users\seif9\source\repos\Luminescence v1.03E\Luminescence v1.03E\bin\x64\Debug\Luminescence v1.03E.exe.WebView2\EBWebView\Default
2026-08-05 09:19:17.691: [INFO] MostRecentlyActiveProfile: name=Profil 1 path=C:\Users\seif9\source\repos\Luminescence v1.03E\Luminescence v1.03E\bin\x64\Debug\Luminescence v1.03E.exe.WebView2\EBWebView\Default lastActive=2026-08-05T09:15:00.772Z
2026-08-05 09:19:17.691: [INFO] OnDoneLoading sync enabled: 0
2026-08-05 09:19:17.691: [INFO] BookmarkModelLoaded, ids_reassigned: 0
2026-08-05 09:19:17.691: [INFO] BookmarksLoadDropped droppedNodes=0
2026-08-05 09:19:17.692: [INFO] BookmarksSnapshot Startup total=0 bar=0 other=0 mobile=0 showBar=0 showBarNTP=1
2026-08-05 09:22:50.695: [INFO] BookmarksSnapshot Shutdown total=0 bar=0 other=0 mobile=0 showBar=0 showBarNTP=1
2026-08-05 09:22:53.878: [INFO] CurrentProfilePath: C:\Users\seif9\source\repos\Luminescence v1.03E\Luminescence v1.03E\bin\x64\Debug\Luminescence v1.03E.exe.WebView2\EBWebView\Default
2026-08-05 09:22:53.878: [INFO] Profiles total count: 1
2026-08-05 09:22:53.878: [INFO] Profile: name=Profil 1 path=C:\Users\seif9\source\repos\Luminescence v1.03E\Luminescence v1.03E\bin\x64\Debug\Luminescence v1.03E.exe.WebView2\EBWebView\Default lastActive=2026-08-05T09:15:00.772Z
2026-08-05 09:22:53.878: [INFO] LastUsedProfileDir: C:\Users\seif9\source\repos\Luminescence v1.03E\Luminescence v1.03E\bin\x64\Debug\Luminescence v1.03E.exe.WebView2\EBWebView\Default
2026-08-05 09:22:53.879: [INFO] MostRecentlyActiveProfile: name=Profil 1 path=C:\Users\seif9\source\repos\Luminescence v1.03E\Luminescence v1.03E\bin\x64\Debug\Luminescence v1.03E.exe.WebView2\EBWebView\Default lastActive=2026-08-05T09:15:00.772Z
2026-08-05 09:22:53.879: [INFO] OnDoneLoading sync enabled: 0
2026-08-05 09:22:53.879: [INFO] BookmarkModelLoaded, ids_reassigned: 0
2026-08-05 09:22:53.879: [INFO] BookmarksLoadDropped droppedNodes=0
2026-08-05 09:22:53.879: [INFO] BookmarksSnapshot Startup total=0 bar=0 other=0 mobile=0 showBar=0 showBarNTP=1
2026-08-05 09:25:42.170: [INFO] BookmarksSnapshot Shutdown total=0 bar=0 other=0 mobile=0 showBar=0 showBarNTP=1
2026-08-05 09:35:39.790: [INFO] CurrentProfilePath: C:\Users\seif9\source\repos\Luminescence v1.03E\Luminescence v1.03E\bin\x64\Debug\Luminescence v1.03E.exe.WebView2\EBWebView\Default
2026-08-05 09:35:39.790: [INFO] Profiles total count: 1
2026-08-05 09:35:39.790: [INFO] Profile: name=Profil 1 path=C:\Users\seif9\source\repos\Luminescence v1.03E\Luminescence v1.03E\bin\x64\Debug\Luminescence v1.03E.exe.WebView2\EBWebView\Default lastActive=2026-08-05T09:15:00.772Z
2026-08-05 09:35:39.790: [INFO] LastUsedProfileDir: C:\Users\seif9\source\repos\Luminescence v1.03E\Luminescence v1.03E\bin\x64\Debug\Luminescence v1.03E.exe.WebView2\EBWebView\Default
2026-08-05 09:35:39.790: [INFO] MostRecentlyActiveProfile: name=Profil 1 path=C:\Users\seif9\source\repos\Luminescence v1.03E\Luminescence v1.03E\bin\x64\Debug\Luminescence v1.03E.exe.WebView2\EBWebView\Default lastActive=2026-08-05T09:15:00.772Z
2026-08-05 09:35:39.790: [INFO] OnDoneLoading sync enabled: 0
2026-08-05 09:35:39.790: [INFO] BookmarkModelLoaded, ids_reassigned: 0
2026-08-05 09:35:39.790: [INFO] BookmarksLoadDropped droppedNodes=0
2026-08-05 09:35:39.790: [INFO] BookmarksSnapshot Startup total=0 bar=0 other=0 mobile=0 showBar=0 showBarNTP=1
2026-08-05 09:36:55.430: [INFO] BookmarksSnapshot Shutdown total=0 bar=0 other=0 mobile=0 showBar=0 showBarNTP=1
2026-08-05 09:37:12.622: [INFO] CurrentProfilePath: C:\Users\seif9\source\repos\Luminescence v1.03E\Luminescence v1.03E\bin\x64\Debug\Luminescence v1.03E.exe.WebView2\EBWebView\Default
2026-08-05 09:37:12.622: [INFO] Profiles total count: 1
2026-08-05 09:37:12.622: [INFO] Profile: name=Profil 1 path=C:\Users\seif9\source\repos\Luminescence v1.03E\Luminescence v1.03E\bin\x64\Debug\Luminescence v1.03E.exe.WebView2\EBWebView\Default lastActive=2026-08-05T09:35:52.251Z
2026-08-05 09:37:12.622: [INFO] LastUsedProfileDir: C:\Users\seif9\source\repos\Luminescence v1.03E\Luminescence v1.03E\bin\x64\Debug\Luminescence v1.03E.exe.WebView2\EBWebView\Default
2026-08-05 09:37:12.622: [INFO] MostRecentlyActiveProfile: name=Profil 1 path=C:\Users\seif9\source\repos\Luminescence v1.03E\Luminescence v1.03E\bin\x64\Debug\Luminescence v1.03E.exe.WebView2\EBWebView\Default lastActive=2026-08-05T09:35:52.251Z
2026-08-05 09:37:12.622: [INFO] OnDoneLoading sync enabled: 0
2026-08-05 09:37:12.622: [INFO] BookmarkModelLoaded, ids_reassigned: 0
2026-08-05 09:37:12.622: [INFO] BookmarksLoadDropped droppedNodes=0
2026-08-05 09:37:12.622: [INFO] BookmarksSnapshot Startup total=0 bar=0 other=0 mobile=0 showBar=0 showBarNTP=1
2026-08-05 09:37:32.698: [INFO] BookmarksSnapshot Shutdown total=0 bar=0 other=0 mobile=0 showBar=0 showBarNTP=1
2026-08-05 09:37:35.992: [INFO] CurrentProfilePath: C:\Users\seif9\source\repos\Luminescence v1.03E\Luminescence v1.03E\bin\x64\Debug\Luminescence v1.03E.exe.WebView2\EBWebView\Default
2026-08-05 09:37:35.992: [INFO] Profiles total count: 1
2026-08-05 09:37:35.992: [INFO] Profile: name=Profil 1 path=C:\Users\seif9\source\repos\Luminescence v1.03E\Luminescence v1.03E\bin\x64\Debug\Luminescence v1.03E.exe.WebView2\EBWebView\Default lastActive=2026-08-05T09:35:52.251Z
2026-08-05 09:37:35.992: [INFO] LastUsedProfileDir: C:\Users\seif9\source\repos\Luminescence v1.03E\Luminescence v1.03E\bin\x64\Debug\Luminescence v1.03E.exe.WebView2\EBWebView\Default
2026-08-05 09:37:35.992: [INFO] MostRecentlyActiveProfile: name=Profil 1 path=C:\Users\seif9\source\repos\Luminescence v1.03E\Luminescence v1.03E\bin\x64\Debug\Luminescence v1.03E.exe.WebView2\EBWebView\Default lastActive=2026-08-05T09:35:52.251Z
2026-08-05 09:37:35.992: [INFO] OnDoneLoading sync enabled: 0
2026-08-05 09:37:35.992: [INFO] BookmarkModelLoaded, ids_reassigned: 0
2026-08-05 09:37:35.992: [INFO] BookmarksLoadDropped droppedNodes=0
2026-08-05 09:37:35.992: [INFO] BookmarksSnapshot Startup total=0 bar=0 other=0 mobile=0 showBar=0 showBarNTP=1
2026-08-05 09:39:15.442: [INFO] BookmarksSnapshot Shutdown total=0 bar=0 other=0 mobile=0 showBar=0 showBarNTP=1
2026-08-05 09:39:19.646: [INFO] CurrentProfilePath: C:\Users\seif9\source\repos\Luminescence v1.03E\Luminescence v1.03E\bin\x64\Debug\Luminescence v1.03E.exe.WebView2\EBWebView\Default
2026-08-05 09:39:19.646: [INFO] Profiles total count: 1
2026-08-05 09:39:19.647: [INFO] Profile: name=Profil 1 path=C:\Users\seif9\source\repos\Luminescence v1.03E\Luminescence v1.03E\bin\x64\Debug\Luminescence v1.03E.exe.WebView2\EBWebView\Default lastActive=2026-08-05T09:35:52.251Z
2026-08-05 09:39:19.647: [INFO] LastUsedProfileDir: C:\Users\seif9\source\repos\Luminescence v1.03E\Luminescence v1.03E\bin\x64\Debug\Luminescence v1.03E.exe.WebView2\EBWebView\Default
2026-08-05 09:39:19.647: [INFO] MostRecentlyActiveProfile: name=Profil 1 path=C:\Users\seif9\source\repos\Luminescence v1.03E\Luminescence v1.03E\bin\x64\Debug\Luminescence v1.03E.exe.WebView2\EBWebView\Default lastActive=2026-08-05T09:35:52.251Z
2026-08-05 09:39:19.647: [INFO] OnDoneLoading sync enabled: 0
2026-08-05 09:39:19.647: [INFO] BookmarkModelLoaded, ids_reassigned: 0
2026-08-05 09:39:19.647: [INFO] BookmarksLoadDropped droppedNodes=0
2026-08-05 09:39:19.647: [INFO] BookmarksSnapshot Startup total=0 bar=0 other=0 mobile=0 showBar=0 showBarNTP=1
2026-08-05 09:40:34.108: [INFO] BookmarksSnapshot Shutdown total=0 bar=0 other=0 mobile=0 showBar=0 showBarNTP=1
2026-08-05 09:40:42.867: [INFO] CurrentProfilePath: C:\Users\seif9\source\repos\Luminescence v1.03E\Luminescence v1.03E\bin\x64\Debug\Luminescence v1.03E.exe.WebView2\EBWebView\Default
2026-08-05 09:40:42.867: [INFO] Profiles total count: 1
2026-08-05 09:40:42.867: [INFO] Profile: name=Profil 1 path=C:\Users\seif9\source\repos\Luminescence v1.03E\Luminescence v1.03E\bin\x64\Debug\Luminescence v1.03E.exe.WebView2\EBWebView\Default lastActive=2026-08-05T09:35:52.251Z
2026-08-05 09:40:42.867: [INFO] LastUsedProfileDir: C:\Users\seif9\source\repos\Luminescence v1.03E\Luminescence v1.03E\bin\x64\Debug\Luminescence v1.03E.exe.WebView2\EBWebView\Default
2026-08-05 09:40:42.867: [INFO] MostRecentlyActiveProfile: name=Profil 1 path=C:\Users\seif9\source\repos\Luminescence v1.03E\Luminescence v1.03E\bin\x64\Debug\Luminescence v1.03E.exe.WebView2\EBWebView\Default lastActive=2026-08-05T09:35:52.251Z
2026-08-05 09:40:42.867: [INFO] OnDoneLoading sync enabled: 0
2026-08-05 09:40:42.867: [INFO] BookmarkModelLoaded, ids_reassigned: 0
2026-08-05 09:40:42.867: [INFO] BookmarksLoadDropped droppedNodes=0
2026-08-05 09:40:42.867: [INFO] BookmarksSnapshot Startup total=0 bar=0 other=0 mobile=0 showBar=0 showBarNTP=1
2026-08-05 09:41:08.721: [INFO] BookmarksSnapshot Shutdown total=0 bar=0 other=0 mobile=0 showBar=0 showBarNTP=1
2026-08-05 12:30:03.782: [INFO] CurrentProfilePath: C:\Users\seif9\source\repos\Luminescence v1.03E\Luminescence v1.03E\bin\x64\Debug\Luminescence v1.03E.exe.WebView2\EBWebView\Default
2026-08-05 12:30:03.782: [INFO] Profiles total count: 1
2026-08-05 12:30:03.784: [INFO] Profile: name=Profil 1 path=C:\Users\seif9\source\repos\Luminescence v1.03E\Luminescence v1.03E\bin\x64\Debug\Luminescence v1.03E.exe.WebView2\EBWebView\Default lastActive=2026-08-05T09:35:52.251Z
2026-08-05 12:30:03.784: [INFO] LastUsedProfileDir: C:\Users\seif9\source\repos\Luminescence v1.03E\Luminescence v1.03E\bin\x64\Debug\Luminescence v1.03E.exe.WebView2\EBWebView\Default
2026-08-05 12:30:03.784: [INFO] MostRecentlyActiveProfile: name=Profil 1 path=C:\Users\seif9\source\repos\Luminescence v1.03E\Luminescence v1.03E\bin\x64\Debug\Luminescence v1.03E.exe.WebView2\EBWebView\Default lastActive=2026-08-05T09:35:52.251Z
2026-08-05 12:30:03.784: [INFO] OnDoneLoading sync enabled: 0
2026-08-05 12:30:03.784: [INFO] BookmarkModelLoaded, ids_reassigned: 0
2026-08-05 12:30:03.784: [INFO] BookmarksLoadDropped droppedNodes=0
2026-08-05 12:30:03.784: [INFO] BookmarksSnapshot Startup total=0 bar=0 other=0 mobile=0 showBar=0 showBarNTP=1
2026-08-05 12:30:15.232: [INFO] BookmarksSnapshot Shutdown total=0 bar=0 other=0 mobile=0 showBar=0 showBarNTP=1
2026-08-05 12:35:26.031: [INFO] CurrentProfilePath: C:\Users\seif9\source\repos\Luminescence v1.03E\Luminescence v1.03E\bin\x64\Debug\Luminescence v1.03E.exe.WebView2\EBWebView\Default
2026-08-05 12:35:26.031: [INFO] Profiles total count: 1
2026-08-05 12:35:26.032: [INFO] Profile: name=Profil 1 path=C:\Users\seif9\source\repos\Luminescence v1.03E\Luminescence v1.03E\bin\x64\Debug\Luminescence v1.03E.exe.WebView2\EBWebView\Default lastActive=2026-08-05T09:35:52.251Z
2026-08-05 12:35:26.032: [INFO] LastUsedProfileDir: C:\Users\seif9\source\repos\Luminescence v1.03E\Luminescence v1.03E\bin\x64\Debug\Luminescence v1.03E.exe.WebView2\EBWebView\Default
2026-08-05 12:35:26.032: [INFO] MostRecentlyActiveProfile: name=Profil 1 path=C:\Users\seif9\source\repos\Luminescence v1.03E\Luminescence v1.03E\bin\x64\Debug\Luminescence v1.03E.exe.WebView2\EBWebView\Default lastActive=2026-08-05T09:35:52.251Z
2026-08-05 12:35:26.032: [INFO] OnDoneLoading sync enabled: 0
2026-08-05 12:35:26.032: [INFO] BookmarkModelLoaded, ids_reassigned: 0
2026-08-05 12:35:26.032: [INFO] BookmarksLoadDropped droppedNodes=0
2026-08-05 12:35:26.032: [INFO] BookmarksSnapshot Startup total=0 bar=0 other=0 mobile=0 showBar=0 showBarNTP=1
2026-08-05 12:38:54.986: [INFO] BookmarksSnapshot Shutdown total=0 bar=0 other=0 mobile=0 showBar=0 showBarNTP=1
2026-08-05 12:38:59.584: [INFO] CurrentProfilePath: C:\Users\seif9\source\repos\Luminescence v1.03E\Luminescence v1.03E\bin\x64\Debug\Luminescence v1.03E.exe.WebView2\EBWebView\Default
2026-08-05 12:38:59.584: [INFO] Profiles total count: 1
2026-08-05 12:38:59.584: [INFO] Profile: name=Profil 1 path=C:\Users\seif9\source\repos\Luminescence v1.03E\Luminescence v1.03E\bin\x64\Debug\Luminescence v1.03E.exe.WebView2\EBWebView\Default lastActive=2026-08-05T12:36:45.459Z
2026-08-05 12:38:59.584: [INFO] LastUsedProfileDir: C:\Users\seif9\source\repos\Luminescence v1.03E\Luminescence v1.03E\bin\x64\Debug\Luminescence v1.03E.exe.WebView2\EBWebView\Default
2026-08-05 12:38:59.584: [INFO] MostRecentlyActiveProfile: name=Profil 1 path=C:\Users\seif9\source\repos\Luminescence v1.03E\Luminescence v1.03E\bin\x64\Debug\Luminescence v1.03E.exe.WebView2\EBWebView\Default lastActive=2026-08-05T12:36:45.459Z
2026-08-05 12:38:59.584: [INFO] OnDoneLoading sync enabled: 0
2026-08-05 12:38:59.584: [INFO] BookmarkModelLoaded, ids_reassigned: 0
2026-08-05 12:38:59.584: [INFO] BookmarksLoadDropped droppedNodes=0
2026-08-05 12:38:59.584: [INFO] BookmarksSnapshot Startup total=0 bar=0 other=0 mobile=0 showBar=0 showBarNTP=1
2026-08-05 12:41:42.802: [INFO] BookmarksSnapshot Shutdown total=0 bar=0 other=0 mobile=0 showBar=0 showBarNTP=1
2026-08-05 12:42:49.258: [INFO] CurrentProfilePath: C:\Users\seif9\source\repos\Luminescence v1.03E\Luminescence v1.03E\bin\x64\Debug\Luminescence v1.03E.exe.WebView2\EBWebView\Default
2026-08-05 12:42:49.258: [INFO] Profiles total count: 1
2026-08-05 12:42:49.258: [INFO] Profile: name=Profil 1 path=C:\Users\seif9\source\repos\Luminescence v1.03E\Luminescence v1.03E\bin\x64\Debug\Luminescence v1.03E.exe.WebView2\EBWebView\Default lastActive=2026-08-05T12:41:14.110Z
2026-08-05 12:42:49.258: [INFO] LastUsedProfileDir: C:\Users\seif9\source\repos\Luminescence v1.03E\Luminescence v1.03E\bin\x64\Debug\Luminescence v1.03E.exe.WebView2\EBWebView\Default
2026-08-05 12:42:49.258: [INFO] MostRecentlyActiveProfile: name=Profil 1 path=C:\Users\seif9\source\repos\Luminescence v1.03E\Luminescence v1.03E\bin\x64\Debug\Luminescence v1.03E.exe.WebView2\EBWebView\Default lastActive=2026-08-05T12:41:14.110Z
2026-08-05 12:42:49.258: [INFO] OnDoneLoading sync enabled: 0
2026-08-05 12:42:49.258: [INFO] BookmarkModelLoaded, ids_reassigned: 0
2026-08-05 12:42:49.258: [INFO] BookmarksLoadDropped droppedNodes=0
2026-08-05 12:42:49.258: [INFO] BookmarksSnapshot Startup total=0 bar=0 other=0 mobile=0 showBar=0 showBarNTP=1
2026-08-05 12:45:18.432: [INFO] BookmarksSnapshot Shutdown total=0 bar=0 other=0 mobile=0 showBar=0 showBarNTP=1
2026-08-05 12:45:48.705: [INFO] CurrentProfilePath: C:\Users\seif9\source\repos\Luminescence v1.03E\Luminescence v1.03E\bin\x64\Debug\Luminescence v1.03E.exe.WebView2\EBWebView\Default
2026-08-05 12:45:48.705: [INFO] Profiles total count: 1
2026-08-05 12:45:48.706: [INFO] Profile: name=Profil 1 path=C:\Users\seif9\source\repos\Luminescence v1.03E\Luminescence v1.03E\bin\x64\Debug\Luminescence v1.03E.exe.WebView2\EBWebView\Default lastActive=2026-08-05T12:43:10.966Z
2026-08-05 12:45:48.706: [INFO] LastUsedProfileDir: C:\Users\seif9\source\repos\Luminescence v1.03E\Luminescence v1.03E\bin\x64\Debug\Luminescence v1.03E.exe.WebView2\EBWebView\Default
2026-08-05 12:45:48.706: [INFO] MostRecentlyActiveProfile: name=Profil 1 path=C:\Users\seif9\source\repos\Luminescence v1.03E\Luminescence v1.03E\bin\x64\Debug\Luminescence v1.03E.exe.WebView2\EBWebView\Default lastActive=2026-08-05T12:43:10.966Z
2026-08-05 12:45:48.706: [INFO] OnDoneLoading sync enabled: 0
2026-08-05 12:45:48.706: [INFO] BookmarkModelLoaded, ids_reassigned: 0
2026-08-05 12:45:48.706: [INFO] BookmarksLoadDropped droppedNodes=0
2026-08-05 12:45:48.706: [INFO] BookmarksSnapshot Startup total=0 bar=0 other=0 mobile=0 showBar=0 showBarNTP=1
2026-08-05 12:45:53.840: [INFO] BookmarksSnapshot Shutdown total=0 bar=0 other=0 mobile=0 showBar=0 showBarNTP=1
2026-08-05 12:47:51.431: [INFO] CurrentProfilePath: C:\Users\seif9\source\repos\Luminescence v1.03E\Luminescence v1.03E\bin\x64\Debug\Luminescence v1.03E.exe.WebView2\EBWebView\Default
2026-08-05 12:47:51.431: [INFO] Profiles total count: 1
2026-08-05 12:47:51.433: [INFO] Profile: name=Profil 1 path=C:\Users\seif9\source\repos\Luminescence v1.03E\Luminescence v1.03E\bin\x64\Debug\Luminescence v1.03E.exe.WebView2\EBWebView\Default lastActive=2026-08-05T12:43:10.966Z
2026-08-05 12:47:51.433: [INFO] LastUsedProfileDir: C:\Users\seif9\source\repos\Luminescence v1.03E\Luminescence v1.03E\bin\x64\Debug\Luminescence v1.03E.exe.WebView2\EBWebView\Default
2026-08-05 12:47:51.433: [INFO] MostRecentlyActiveProfile: name=Profil 1 path=C:\Users\seif9\source\repos\Luminescence v1.03E\Luminescence v1.03E\bin\x64\Debug\Luminescence v1.03E.exe.WebView2\EBWebView\Default lastActive=2026-08-05T12:43:10.966Z
2026-08-05 12:47:51.433: [INFO] OnDoneLoading sync enabled: 0
2026-08-05 12:47:51.433: [INFO] BookmarkModelLoaded, ids_reassigned: 0
2026-08-05 12:47:51.433: [INFO] BookmarksLoadDropped droppedNodes=0
2026-08-05 12:47:51.433: [INFO] BookmarksSnapshot Startup total=0 bar=0 other=0 mobile=0 showBar=0 showBarNTP=1
2026-08-05 12:48:50.576: [INFO] BookmarksSnapshot Shutdown total=0 bar=0 other=0 mobile=0 showBar=0 showBarNTP=1
2026-08-05 12:49:48.671: [INFO] CurrentProfilePath: C:\Users\seif9\source\repos\Luminescence v1.03E\Luminescence v1.03E\bin\x64\Debug\Luminescence v1.03E.exe.WebView2\EBWebView\Default
2026-08-05 12:49:48.672: [INFO] Profiles total count: 1
2026-08-05 12:49:48.672: [INFO] Profile: name=Profil 1 path=C:\Users\seif9\source\repos\Luminescence v1.03E\Luminescence v1.03E\bin\x64\Debug\Luminescence v1.03E.exe.WebView2\EBWebView\Default lastActive=2026-08-05T12:43:10.966Z
2026-08-05 12:49:48.672: [INFO] LastUsedProfileDir: C:\Users\seif9\source\repos\Luminescence v1.03E\Luminescence v1.03E\bin\x64\Debug\Luminescence v1.03E.exe.WebView2\EBWebView\Default
2026-08-05 12:49:48.672: [INFO] MostRecentlyActiveProfile: name=Profil 1 path=C:\Users\seif9\source\repos\Luminescence v1.03E\Luminescence v1.03E\bin\x64\Debug\Luminescence v1.03E.exe.WebView2\EBWebView\Default lastActive=2026-08-05T12:43:10.966Z
2026-08-05 12:49:48.672: [INFO] OnDoneLoading sync enabled: 0
2026-08-05 12:49:48.672: [INFO] BookmarkModelLoaded, ids_reassigned: 0
2026-08-05 12:49:48.672: [INFO] BookmarksLoadDropped droppedNodes=0
2026-08-05 12:49:48.672: [INFO] BookmarksSnapshot Startup total=0 bar=0 other=0 mobile=0 showBar=0 showBarNTP=1
2026-08-05 12:51:25.655: [INFO] BookmarksSnapshot Shutdown total=0 bar=0 other=0 mobile=0 showBar=0 showBarNTP=1
2026-08-05 12:51:30.821: [INFO] CurrentProfilePath: C:\Users\seif9\source\repos\Luminescence v1.03E\Luminescence v1.03E\bin\x64\Debug\Luminescence v1.03E.exe.WebView2\EBWebView\Default
2026-08-05 12:51:30.821: [INFO] Profiles total count: 1
2026-08-05 12:51:30.821: [INFO] Profile: name=Profil 1 path=C:\Users\seif9\source\repos\Luminescence v1.03E\Luminescence v1.03E\bin\x64\Debug\Luminescence v1.03E.exe.WebView2\EBWebView\Default lastActive=2026-08-05T12:43:10.966Z
2026-08-05 12:51:30.821: [INFO] LastUsedProfileDir: C:\Users\seif9\source\repos\Luminescence v1.03E\Luminescence v1.03E\bin\x64\Debug\Luminescence v1.03E.exe.WebView2\EBWebView\Default
2026-08-05 12:51:30.821: [INFO] MostRecentlyActiveProfile: name=Profil 1 path=C:\Users\seif9\source\repos\Luminescence v1.03E\Luminescence v1.03E\bin\x64\Debug\Luminescence v1.03E.exe.WebView2\EBWebView\Default lastActive=2026-08-05T12:43:10.966Z
2026-08-05 12:51:30.821: [INFO] OnDoneLoading sync enabled: 0
2026-08-05 12:51:30.821: [INFO] BookmarkModelLoaded, ids_reassigned: 0
2026-08-05 12:51:30.821: [INFO] BookmarksLoadDropped droppedNodes=0
2026-08-05 12:51:30.821: [INFO] BookmarksSnapshot Startup total=0 bar=0 other=0 mobile=0 showBar=0 showBarNTP=1
2026-08-05 13:02:58.304: [INFO] BookmarksSnapshot Shutdown total=0 bar=0 other=0 mobile=0 showBar=0 showBarNTP=1
2026-08-05 13:03:03.002: [INFO] CurrentProfilePath: C:\Users\seif9\source\repos\Luminescence v1.03E\Luminescence v1.03E\bin\x64\Debug\Luminescence v1.03E.exe.WebView2\EBWebView\Default
2026-08-05 13:03:03.002: [INFO] Profiles total count: 1
2026-08-05 13:03:03.002: [INFO] Profile: name=Profil 1 path=C:\Users\seif9\source\repos\Luminescence v1.03E\Luminescence v1.03E\bin\x64\Debug\Luminescence v1.03E.exe.WebView2\EBWebView\Default lastActive=2026-08-05T12:43:10.966Z
2026-08-05 13:03:03.002: [INFO] LastUsedProfileDir: C:\Users\seif9\source\repos\Luminescence v1.03E\Luminescence v1.03E\bin\x64\Debug\Luminescence v1.03E.exe.WebView2\EBWebView\Default
2026-08-05 13:03:03.002: [INFO] MostRecentlyActiveProfile: name=Profil 1 path=C:\Users\seif9\source\repos\Luminescence v1.03E\Luminescence v1.03E\bin\x64\Debug\Luminescence v1.03E.exe.WebView2\EBWebView\Default lastActive=2026-08-05T12:43:10.966Z
2026-08-05 13:03:03.002: [INFO] OnDoneLoading sync enabled: 0
2026-08-05 13:03:03.002: [INFO] BookmarkModelLoaded, ids_reassigned: 0
2026-08-05 13:03:03.002: [INFO] BookmarksLoadDropped droppedNodes=0
2026-08-05 13:03:03.002: [INFO] BookmarksSnapshot Startup total=0 bar=0 other=0 mobile=0 showBar=0 showBarNTP=1
2026-08-05 13:04:16.463: [INFO] BookmarksSnapshot Shutdown total=0 bar=0 other=0 mobile=0 showBar=0 showBarNTP=1
2026-08-05 13:04:23.470: [INFO] CurrentProfilePath: C:\Users\seif9\source\repos\Luminescence v1.03E\Luminescence v1.03E\bin\x64\Debug\Luminescence v1.03E.exe.WebView2\EBWebView\Default
2026-08-05 13:04:23.470: [INFO] Profiles total count: 1
2026-08-05 13:04:23.470: [INFO] Profile: name=Profil 1 path=C:\Users\seif9\source\repos\Luminescence v1.03E\Luminescence v1.03E\bin\x64\Debug\Luminescence v1.03E.exe.WebView2\EBWebView\Default lastActive=2026-08-05T12:43:10.966Z
2026-08-05 13:04:23.470: [INFO] LastUsedProfileDir: C:\Users\seif9\source\repos\Luminescence v1.03E\Luminescence v1.03E\bin\x64\Debug\Luminescence v1.03E.exe.WebView2\EBWebView\Default
2026-08-05 13:04:23.470: [INFO] MostRecentlyActiveProfile: name=Profil 1 path=C:\Users\seif9\source\repos\Luminescence v1.03E\Luminescence v1.03E\bin\x64\Debug\Luminescence v1.03E.exe.WebView2\EBWebView\Default lastActive=2026-08-05T12:43:10.966Z
2026-08-05 13:04:23.470: [INFO] OnDoneLoading sync enabled: 0
2026-08-05 13:04:23.470: [INFO] BookmarkModelLoaded, ids_reassigned: 0
2026-08-05 13:04:23.470: [INFO] BookmarksLoadDropped droppedNodes=0
2026-08-05 13:04:23.470: [INFO] BookmarksSnapshot Startup total=0 bar=0 other=0 mobile=0 showBar=0 showBarNTP=1
2026-08-05 13:04:42.216: [INFO] BookmarksSnapshot Shutdown total=0 bar=0 other=0 mobile=0 showBar=0 showBarNTP=1
2026-08-05 13:04:49.037: [INFO] CurrentProfilePath: C:\Users\seif9\source\repos\Luminescence v1.03E\Luminescence v1.03E\bin\x64\Debug\Luminescence v1.03E.exe.WebView2\EBWebView\Default
2026-08-05 13:04:49.037: [INFO] Profiles total count: 1
2026-08-05 13:04:49.037: [INFO] Profile: name=Profil 1 path=C:\Users\seif9\source\repos\Luminescence v1.03E\Luminescence v1.03E\bin\x64\Debug\Luminescence v1.03E.exe.WebView2\EBWebView\Default lastActive=2026-08-05T12:43:10.966Z
2026-08-05 13:04:49.037: [INFO] LastUsedProfileDir: C:\Users\seif9\source\repos\Luminescence v1.03E\Luminescence v1.03E\bin\x64\Debug\Luminescence v1.03E.exe.WebView2\EBWebView\Default
2026-08-05 13:04:49.037: [INFO] MostRecentlyActiveProfile: name=Profil 1 path=C:\Users\seif9\source\repos\Luminescence v1.03E\Luminescence v1.03E\bin\x64\Debug\Luminescence v1.03E.exe.WebView2\EBWebView\Default lastActive=2026-08-05T12:43:10.966Z
2026-08-05 13:04:49.037: [INFO] OnDoneLoading sync enabled: 0
2026-08-05 13:04:49.037: [INFO] BookmarkModelLoaded, ids_reassigned: 0
2026-08-05 13:04:49.037: [INFO] BookmarksLoadDropped droppedNodes=0
2026-08-05 13:04:49.037: [INFO] BookmarksSnapshot Startup total=0 bar=0 other=0 mobile=0 showBar=0 showBarNTP=1
2026-08-05 13:08:01.484: [INFO] BookmarksSnapshot Shutdown total=0 bar=0 other=0 mobile=0 showBar=0 showBarNTP=1
2026-08-05 13:08:04.711: [INFO] CurrentProfilePath: C:\Users\seif9\source\repos\Luminescence v1.03E\Luminescence v1.03E\bin\x64\Debug\Luminescence v1.03E.exe.WebView2\EBWebView\Default
2026-08-05 13:08:04.711: [INFO] Profiles total count: 1
2026-08-05 13:08:04.711: [INFO] Profile: name=Profil 1 path=C:\Users\seif9\source\repos\Luminescence v1.03E\Luminescence v1.03E\bin\x64\Debug\Luminescence v1.03E.exe.WebView2\EBWebView\Default lastActive=2026-08-05T13:04:52.654Z
2026-08-05 13:08:04.711: [INFO] LastUsedProfileDir: C:\Users\seif9\source\repos\Luminescence v1.03E\Luminescence v1.03E\bin\x64\Debug\Luminescence v1.03E.exe.WebView2\EBWebView\Default
2026-08-05 13:08:04.711: [INFO] MostRecentlyActiveProfile: name=Profil 1 path=C:\Users\seif9\source\repos\Luminescence v1.03E\Luminescence v1.03E\bin\x64\Debug\Luminescence v1.03E.exe.WebView2\EBWebView\Default lastActive=2026-08-05T13:04:52.654Z
2026-08-05 13:08:04.711: [INFO] OnDoneLoading sync enabled: 0
2026-08-05 13:08:04.711: [INFO] BookmarkModelLoaded, ids_reassigned: 0
2026-08-05 13:08:04.711: [INFO] BookmarksLoadDropped droppedNodes=0
2026-08-05 13:08:04.711: [INFO] BookmarksSnapshot Startup total=0 bar=0 other=0 mobile=0 showBar=0 showBarNTP=1
2026-08-05 13:10:34.865: [INFO] BookmarksSnapshot Shutdown total=0 bar=0 other=0 mobile=0 showBar=0 showBarNTP=1
2026-08-05 13:10:44.917: [INFO] CurrentProfilePath: C:\Users\seif9\source\repos\Luminescence v1.03E\Luminescence v1.03E\bin\x64\Debug\Luminescence v1.03E.exe.WebView2\EBWebView\Default
2026-08-05 13:10:44.917: [INFO] Profiles total count: 1
2026-08-05 13:10:44.917: [INFO] Profile: name=Profil 1 path=C:\Users\seif9\source\repos\Luminescence v1.03E\Luminescence v1.03E\bin\x64\Debug\Luminescence v1.03E.exe.WebView2\EBWebView\Default lastActive=2026-08-05T13:04:52.654Z
2026-08-05 13:10:44.917: [INFO] LastUsedProfileDir: C:\Users\seif9\source\repos\Luminescence v1.03E\Luminescence v1.03E\bin\x64\Debug\Luminescence v1.03E.exe.WebView2\EBWebView\Default
2026-08-05 13:10:44.918: [INFO] MostRecentlyActiveProfile: name=Profil 1 path=C:\Users\seif9\source\repos\Luminescence v1.03E\Luminescence v1.03E\bin\x64\Debug\Luminescence v1.03E.exe.WebView2\EBWebView\Default lastActive=2026-08-05T13:04:52.654Z
2026-08-05 13:10:44.918: [INFO] OnDoneLoading sync enabled: 0
2026-08-05 13:10:44.918: [INFO] BookmarkModelLoaded, ids_reassigned: 0
2026-08-05 13:10:44.918: [INFO] BookmarksLoadDropped droppedNodes=0
2026-08-05 13:10:44.918: [INFO] BookmarksSnapshot Startup total=0 bar=0 other=0 mobile=0 showBar=0 showBarNTP=1
2026-08-05 13:11:13.758: [INFO] BookmarksSnapshot Shutdown total=0 bar=0 other=0 mobile=0 showBar=0 showBarNTP=1
2026-08-05 13:11:16.427: [INFO] CurrentProfilePath: C:\Users\seif9\source\repos\Luminescence v1.03E\Luminescence v1.03E\bin\x64\Debug\Luminescence v1.03E.exe.WebView2\EBWebView\Default
2026-08-05 13:11:16.427: [INFO] Profiles total count: 1
2026-08-05 13:11:16.427: [INFO] Profile: name=Profil 1 path=C:\Users\seif9\source\repos\Luminescence v1.03E\Luminescence v1.03E\bin\x64\Debug\Luminescence v1.03E.exe.WebView2\EBWebView\Default lastActive=2026-08-05T13:04:52.654Z
2026-08-05 13:11:16.427: [INFO] LastUsedProfileDir: C:\Users\seif9\source\repos\Luminescence v1.03E\Luminescence v1.03E\bin\x64\Debug\Luminescence v1.03E.exe.WebView2\EBWebView\Default
2026-08-05 13:11:16.427: [INFO] MostRecentlyActiveProfile: name=Profil 1 path=C:\Users\seif9\source\repos\Luminescence v1.03E\Luminescence v1.03E\bin\x64\Debug\Luminescence v1.03E.exe.WebView2\EBWebView\Default lastActive=2026-08-05T13:04:52.654Z
2026-08-05 13:11:16.427: [INFO] OnDoneLoading sync enabled: 0
2026-08-05 13:11:16.427: [INFO] BookmarkModelLoaded, ids_reassigned: 0
2026-08-05 13:11:16.427: [INFO] BookmarksLoadDropped droppedNodes=0
2026-08-05 13:11:16.427: [INFO] BookmarksSnapshot Startup total=0 bar=0 other=0 mobile=0 showBar=0 showBarNTP=1
2026-08-05 13:15:00.357: [INFO] BookmarksSnapshot Shutdown total=0 bar=0 other=0 mobile=0 showBar=0 showBarNTP=1
2026-08-05 13:15:03.173: [INFO] CurrentProfilePath: C:\Users\seif9\source\repos\Luminescence v1.03E\Luminescence v1.03E\bin\x64\Debug\Luminescence v1.03E.exe.WebView2\EBWebView\Default
2026-08-05 13:15:03.173: [INFO] Profiles total count: 1
2026-08-05 13:15:03.173: [INFO] Profile: name=Profil 1 path=C:\Users\seif9\source\repos\Luminescence v1.03E\Luminescence v1.03E\bin\x64\Debug\Luminescence v1.03E.exe.WebView2\EBWebView\Default lastActive=2026-08-05T13:12:31.854Z
2026-08-05 13:15:03.173: [INFO] LastUsedProfileDir: C:\Users\seif9\source\repos\Luminescence v1.03E\Luminescence v1.03E\bin\x64\Debug\Luminescence v1.03E.exe.WebView2\EBWebView\Default
2026-08-05 13:15:03.173: [INFO] MostRecentlyActiveProfile: name=Profil 1 path=C:\Users\seif9\source\repos\Luminescence v1.03E\Luminescence v1.03E\bin\x64\Debug\Luminescence v1.03E.exe.WebView2\EBWebView\Default lastActive=2026-08-05T13:12:31.854Z
2026-08-05 13:15:03.174: [INFO] OnDoneLoading sync enabled: 0
2026-08-05 13:15:03.174: [INFO] BookmarkModelLoaded, ids_reassigned: 0
2026-08-05 13:15:03.174: [INFO] BookmarksLoadDropped droppedNodes=0
2026-08-05 13:15:03.174: [INFO] BookmarksSnapshot Startup total=0 bar=0 other=0 mobile=0 showBar=0 showBarNTP=1
2026-08-05 13:15:20.396: [INFO] BookmarksSnapshot Shutdown total=0 bar=0 other=0 mobile=0 showBar=0 showBarNTP=1
2026-08-05 13:15:21.840: [INFO] CurrentProfilePath: C:\Users\seif9\source\repos\Luminescence v1.03E\Luminescence v1.03E\bin\x64\Debug\Luminescence v1.03E.exe.WebView2\EBWebView\Default
2026-08-05 13:15:21.840: [INFO] Profiles total count: 1
2026-08-05 13:15:21.840: [INFO] Profile: name=Profil 1 path=C:\Users\seif9\source\repos\Luminescence v1.03E\Luminescence v1.03E\bin\x64\Debug\Luminescence v1.03E.exe.WebView2\EBWebView\Default lastActive=2026-08-05T13:12:31.854Z
2026-08-05 13:15:21.840: [INFO] LastUsedProfileDir: C:\Users\seif9\source\repos\Luminescence v1.03E\Luminescence v1.03E\bin\x64\Debug\Luminescence v1.03E.exe.WebView2\EBWebView\Default
2026-08-05 13:15:21.841: [INFO] MostRecentlyActiveProfile: name=Profil 1 path=C:\Users\seif9\source\repos\Luminescence v1.03E\Luminescence v1.03E\bin\x64\Debug\Luminescence v1.03E.exe.WebView2\EBWebView\Default lastActive=2026-08-05T13:12:31.854Z
2026-08-05 13:15:21.841: [INFO] OnDoneLoading sync enabled: 0
2026-08-05 13:15:21.841: [INFO] BookmarkModelLoaded, ids_reassigned: 0
2026-08-05 13:15:21.841: [INFO] BookmarksLoadDropped droppedNodes=0
2026-08-05 13:15:21.841: [INFO] BookmarksSnapshot Startup total=0 bar=0 other=0 mobile=0 showBar=0 showBarNTP=1
2026-08-05 13:18:41.665: [INFO] BookmarksSnapshot Shutdown total=0 bar=0 other=0 mobile=0 showBar=0 showBarNTP=1
2026-08-05 13:18:45.224: [INFO] CurrentProfilePath: C:\Users\seif9\source\repos\Luminescence v1.03E\Luminescence v1.03E\bin\x64\Debug\Luminescence v1.03E.exe.WebView2\EBWebView\Default
2026-08-05 13:18:45.224: [INFO] Profiles total count: 1
2026-08-05 13:18:45.224: [INFO] Profile: name=Profil 1 path=C:\Users\seif9\source\repos\Luminescence v1.03E\Luminescence v1.03E\bin\x64\Debug\Luminescence v1.03E.exe.WebView2\EBWebView\Default lastActive=2026-08-05T13:15:32.886Z
2026-08-05 13:18:45.225: [INFO] LastUsedProfileDir: C:\Users\seif9\source\repos\Luminescence v1.03E\Luminescence v1.03E\bin\x64\Debug\Luminescence v1.03E.exe.WebView2\EBWebView\Default
2026-08-05 13:18:45.225: [INFO] MostRecentlyActiveProfile: name=Profil 1 path=C:\Users\seif9\source\repos\Luminescence v1.03E\Luminescence v1.03E\bin\x64\Debug\Luminescence v1.03E.exe.WebView2\EBWebView\Default lastActive=2026-08-05T13:15:32.886Z
2026-08-05 13:18:45.225: [INFO] OnDoneLoading sync enabled: 0
2026-08-05 13:18:45.225: [INFO] BookmarkModelLoaded, ids_reassigned: 0
2026-08-05 13:18:45.225: [INFO] BookmarksLoadDropped droppedNodes=0
2026-08-05 13:18:45.225: [INFO] BookmarksSnapshot Startup total=0 bar=0 other=0 mobile=0 showBar=0 showBarNTP=1
2026-08-05 13:21:49.032: [INFO] BookmarksSnapshot Shutdown total=0 bar=0 other=0 mobile=0 showBar=0 showBarNTP=1
2026-08-05 13:21:52.447: [INFO] CurrentProfilePath: C:\Users\seif9\source\repos\Luminescence v1.03E\Luminescence v1.03E\bin\x64\Debug\Luminescence v1.03E.exe.WebView2\EBWebView\Default
2026-08-05 13:21:52.447: [INFO] Profiles total count: 1
2026-08-05 13:21:52.447: [INFO] Profile: name=Profil 1 path=C:\Users\seif9\source\repos\Luminescence v1.03E\Luminescence v1.03E\bin\x64\Debug\Luminescence v1.03E.exe.WebView2\EBWebView\Default lastActive=2026-08-05T13:15:32.886Z
2026-08-05 13:21:52.447: [INFO] LastUsedProfileDir: C:\Users\seif9\source\repos\Luminescence v1.03E\Luminescence v1.03E\bin\x64\Debug\Luminescence v1.03E.exe.WebView2\EBWebView\Default
2026-08-05 13:21:52.447: [INFO] MostRecentlyActiveProfile: name=Profil 1 path=C:\Users\seif9\source\repos\Luminescence v1.03E\Luminescence v1.03E\bin\x64\Debug\Luminescence v1.03E.exe.WebView2\EBWebView\Default lastActive=2026-08-05T13:15:32.886Z
2026-08-05 13:21:52.447: [INFO] OnDoneLoading sync enabled: 0
2026-08-05 13:21:52.447: [INFO] BookmarkModelLoaded, ids_reassigned: 0
2026-08-05 13:21:52.447: [INFO] BookmarksLoadDropped droppedNodes=0
2026-08-05 13:21:52.447: [INFO] BookmarksSnapshot Startup total=0 bar=0 other=0 mobile=0 showBar=0 showBarNTP=1
2026-08-05 13:22:14.540: [INFO] BookmarksSnapshot Shutdown total=0 bar=0 other=0 mobile=0 showBar=0 showBarNTP=1
2026-08-05 13:22:17.155: [INFO] CurrentProfilePath: C:\Users\seif9\source\repos\Luminescence v1.03E\Luminescence v1.03E\bin\x64\Debug\Luminescence v1.03E.exe.WebView2\EBWebView\Default
2026-08-05 13:22:17.155: [INFO] Profiles total count: 1
2026-08-05 13:22:17.156: [INFO] Profile: name=Profil 1 path=C:\Users\seif9\source\repos\Luminescence v1.03E\Luminescence v1.03E\bin\x64\Debug\Luminescence v1.03E.exe.WebView2\EBWebView\Default lastActive=2026-08-05T13:21:54.730Z
2026-08-05 13:22:17.156: [INFO] LastUsedProfileDir: C:\Users\seif9\source\repos\Luminescence v1.03E\Luminescence v1.03E\bin\x64\Debug\Luminescence v1.03E.exe.WebView2\EBWebView\Default
2026-08-05 13:22:17.156: [INFO] MostRecentlyActiveProfile: name=Profil 1 path=C:\Users\seif9\source\repos\Luminescence v1.03E\Luminescence v1.03E\bin\x64\Debug\Luminescence v1.03E.exe.WebView2\EBWebView\Default lastActive=2026-08-05T13:21:54.730Z
2026-08-05 13:22:17.156: [INFO] OnDoneLoading sync enabled: 0
2026-08-05 13:22:17.156: [INFO] BookmarkModelLoaded, ids_reassigned: 0
2026-08-05 13:22:17.156: [INFO] BookmarksLoadDropped droppedNodes=0
2026-08-05 13:22:17.156: [INFO] BookmarksSnapshot Startup total=0 bar=0 other=0 mobile=0 showBar=0 showBarNTP=1
2026-08-05 13:27:26.772: [INFO] BookmarksSnapshot Shutdown total=0 bar=0 other=0 mobile=0 showBar=0 showBarNTP=1
2026-08-05 13:32:33.013: [INFO] CurrentProfilePath: C:\Users\seif9\source\repos\Luminescence v1.03E\Luminescence v1.03E\bin\x64\Debug\Luminescence v1.03E.exe.WebView2\EBWebView\Default
2026-08-05 13:32:33.013: [INFO] Profiles total count: 1
2026-08-05 13:32:33.013: [INFO] Profile: name=Profil 1 path=C:\Users\seif9\source\repos\Luminescence v1.03E\Luminescence v1.03E\bin\x64\Debug\Luminescence v1.03E.exe.WebView2\EBWebView\Default lastActive=2026-08-05T13:21:54.730Z
2026-08-05 13:32:33.013: [INFO] LastUsedProfileDir: C:\Users\seif9\source\repos\Luminescence v1.03E\Luminescence v1.03E\bin\x64\Debug\Luminescence v1.03E.exe.WebView2\EBWebView\Default
2026-08-05 13:32:33.013: [INFO] MostRecentlyActiveProfile: name=Profil 1 path=C:\Users\seif9\source\repos\Luminescence v1.03E\Luminescence v1.03E\bin\x64\Debug\Luminescence v1.03E.exe.WebView2\EBWebView\Default lastActive=2026-08-05T13:21:54.730Z
2026-08-05 13:32:33.013: [INFO] OnDoneLoading sync enabled: 0
2026-08-05 13:32:33.013: [INFO] BookmarkModelLoaded, ids_reassigned: 0
2026-08-05 13:32:33.013: [INFO] BookmarksLoadDropped droppedNodes=0
2026-08-05 13:32:33.013: [INFO] BookmarksSnapshot Startup total=0 bar=0 other=0 mobile=0 showBar=0 showBarNTP=1
2026-08-05 13:41:17.025: [INFO] BookmarksSnapshot Shutdown total=0 bar=0 other=0 mobile=0 showBar=0 showBarNTP=1
2026-08-05 13:41:21.139: [INFO] CurrentProfilePath: C:\Users\seif9\source\repos\Luminescence v1.03E\Luminescence v1.03E\bin\x64\Debug\Luminescence v1.03E.exe.WebView2\EBWebView\Default
2026-08-05 13:41:21.139: [INFO] Profiles total count: 1
2026-08-05 13:41:21.140: [INFO] Profile: name=Profil 1 path=C:\Users\seif9\source\repos\Luminescence v1.03E\Luminescence v1.03E\bin\x64\Debug\Luminescence v1.03E.exe.WebView2\EBWebView\Default lastActive=2026-08-05T13:21:54.730Z
2026-08-05 13:41:21.140: [INFO] LastUsedProfileDir: C:\Users\seif9\source\repos\Luminescence v1.03E\Luminescence v1.03E\bin\x64\Debug\Luminescence v1.03E.exe.WebView2\EBWebView\Default
2026-08-05 13:41:21.140: [INFO] MostRecentlyActiveProfile: name=Profil 1 path=C:\Users\seif9\source\repos\Luminescence v1.03E\Luminescence v1.03E\bin\x64\Debug\Luminescence v1.03E.exe.WebView2\EBWebView\Default lastActive=2026-08-05T13:21:54.730Z
2026-08-05 13:41:21.140: [INFO] OnDoneLoading sync enabled: 0
2026-08-05 13:41:21.140: [INFO] BookmarkModelLoaded, ids_reassigned: 0
2026-08-05 13:41:21.140: [INFO] BookmarksLoadDropped droppedNodes=0
2026-08-05 13:41:21.140: [INFO] BookmarksSnapshot Startup total=0 bar=0 other=0 mobile=0 showBar=0 showBarNTP=1
2026-08-05 13:41:44.264: [INFO] BookmarksSnapshot Shutdown total=0 bar=0 other=0 mobile=0 showBar=0 showBarNTP=1
2026-08-05 13:41:46.354: [INFO] CurrentProfilePath: C:\Users\seif9\source\repos\Luminescence v1.03E\Luminescence v1.03E\bin\x64\Debug\Luminescence v1.03E.exe.WebView2\EBWebView\Default
2026-08-05 13:41:46.354: [INFO] Profiles total count: 1
2026-08-05 13:41:46.354: [INFO] Profile: name=Profil 1 path=C:\Users\seif9\source\repos\Luminescence v1.03E\Luminescence v1.03E\bin\x64\Debug\Luminescence v1.03E.exe.WebView2\EBWebView\Default lastActive=2026-08-05T13:41:26.295Z
2026-08-05 13:41:46.354: [INFO] LastUsedProfileDir: C:\Users\seif9\source\repos\Luminescence v1.03E\Luminescence v1.03E\bin\x64\Debug\Luminescence v1.03E.exe.WebView2\EBWebView\Default
2026-08-05 13:41:46.354: [INFO] MostRecentlyActiveProfile: name=Profil 1 path=C:\Users\seif9\source\repos\Luminescence v1.03E\Luminescence v1.03E\bin\x64\Debug\Luminescence v1.03E.exe.WebView2\EBWebView\Default lastActive=2026-08-05T13:41:26.295Z
2026-08-05 13:41:46.354: [INFO] OnDoneLoading sync enabled: 0
2026-08-05 13:41:46.354: [INFO] BookmarkModelLoaded, ids_reassigned: 0
2026-08-05 13:41:46.354: [INFO] BookmarksLoadDropped droppedNodes=0
2026-08-05 13:41:46.354: [INFO] BookmarksSnapshot Startup total=0 bar=0 other=0 mobile=0 showBar=0 showBarNTP=1
2026-08-05 13:45:23.148: [INFO] BookmarksSnapshot Shutdown total=0 bar=0 other=0 mobile=0 showBar=0 showBarNTP=1
2026-08-05 13:45:25.413: [INFO] CurrentProfilePath: C:\Users\seif9\source\repos\Luminescence v1.03E\Luminescence v1.03E\bin\x64\Debug\Luminescence v1.03E.exe.WebView2\EBWebView\Default
2026-08-05 13:45:25.413: [INFO] Profiles total count: 1
2026-08-05 13:45:25.413: [INFO] Profile: name=Profil 1 path=C:\Users\seif9\source\repos\Luminescence v1.03E\Luminescence v1.03E\bin\x64\Debug\Luminescence v1.03E.exe.WebView2\EBWebView\Default lastActive=2026-08-05T13:41:26.295Z
2026-08-05 13:45:25.413: [INFO] LastUsedProfileDir: C:\Users\seif9\source\repos\Luminescence v1.03E\Luminescence v1.03E\bin\x64\Debug\Luminescence v1.03E.exe.WebView2\EBWebView\Default
2026-08-05 13:45:25.413: [INFO] MostRecentlyActiveProfile: name=Profil 1 path=C:\Users\seif9\source\repos\Luminescence v1.03E\Luminescence v1.03E\bin\x64\Debug\Luminescence v1.03E.exe.WebView2\EBWebView\Default lastActive=2026-08-05T13:41:26.295Z
2026-08-05 13:45:25.413: [INFO] OnDoneLoading sync enabled: 0
2026-08-05 13:45:25.413: [INFO] BookmarkModelLoaded, ids_reassigned: 0
2026-08-05 13:45:25.413: [INFO] BookmarksLoadDropped droppedNodes=0
2026-08-05 13:45:25.413: [INFO] BookmarksSnapshot Startup total=0 bar=0 other=0 mobile=0 showBar=0 showBarNTP=1
2026-08-05 13:46:28.877: [INFO] BookmarksSnapshot Shutdown total=0 bar=0 other=0 mobile=0 showBar=0 showBarNTP=1
2026-08-05 13:46:32.258: [INFO] CurrentProfilePath: C:\Users\seif9\source\repos\Luminescence v1.03E\Luminescence v1.03E\bin\x64\Debug\Luminescence v1.03E.exe.WebView2\EBWebView\Default
2026-08-05 13:46:32.258: [INFO] Profiles total count: 1
2026-08-05 13:46:32.259: [INFO] Profile: name=Profil 1 path=C:\Users\seif9\source\repos\Luminescence v1.03E\Luminescence v1.03E\bin\x64\Debug\Luminescence v1.03E.exe.WebView2\EBWebView\Default lastActive=2026-08-05T13:41:26.295Z
2026-08-05 13:46:32.259: [INFO] LastUsedProfileDir: C:\Users\seif9\source\repos\Luminescence v1.03E\Luminescence v1.03E\bin\x64\Debug\Luminescence v1.03E.exe.WebView2\EBWebView\Default
2026-08-05 13:46:32.259: [INFO] MostRecentlyActiveProfile: name=Profil 1 path=C:\Users\seif9\source\repos\Luminescence v1.03E\Luminescence v1.03E\bin\x64\Debug\Luminescence v1.03E.exe.WebView2\EBWebView\Default lastActive=2026-08-05T13:41:26.295Z
2026-08-05 13:46:32.259: [INFO] OnDoneLoading sync enabled: 0
2026-08-05 13:46:32.259: [INFO] BookmarkModelLoaded, ids_reassigned: 0
2026-08-05 13:46:32.259: [INFO] BookmarksLoadDropped droppedNodes=0
2026-08-05 13:46:32.259: [INFO] BookmarksSnapshot Startup total=0 bar=0 other=0 mobile=0 showBar=0 showBarNTP=1
2026-08-05 13:47:03.530: [INFO] BookmarksSnapshot Shutdown total=0 bar=0 other=0 mobile=0 showBar=0 showBarNTP=1
2026-08-05 13:49:30.739: [INFO] CurrentProfilePath: C:\Users\seif9\source\repos\Luminescence v1.03E\Luminescence v1.03E\bin\x64\Debug\Luminescence v1.03E.exe.WebView2\EBWebView\Default
2026-08-05 13:49:30.739: [INFO] Profiles total count: 1
2026-08-05 13:49:30.739: [INFO] Profile: name=Profil 1 path=C:\Users\seif9\source\repos\Luminescence v1.03E\Luminescence v1.03E\bin\x64\Debug\Luminescence v1.03E.exe.WebView2\EBWebView\Default lastActive=2026-08-05T13:41:26.295Z
2026-08-05 13:49:30.739: [INFO] LastUsedProfileDir: C:\Users\seif9\source\repos\Luminescence v1.03E\Luminescence v1.03E\bin\x64\Debug\Luminescence v1.03E.exe.WebView2\EBWebView\Default
2026-08-05 13:49:30.739: [INFO] MostRecentlyActiveProfile: name=Profil 1 path=C:\Users\seif9\source\repos\Luminescence v1.03E\Luminescence v1.03E\bin\x64\Debug\Luminescence v1.03E.exe.WebView2\EBWebView\Default lastActive=2026-08-05T13:41:26.295Z
2026-08-05 13:49:30.739: [INFO] OnDoneLoading sync enabled: 0
2026-08-05 13:49:30.739: [INFO] BookmarkModelLoaded, ids_reassigned: 0
2026-08-05 13:49:30.739: [INFO] BookmarksLoadDropped droppedNodes=0
2026-08-05 13:49:30.739: [INFO] BookmarksSnapshot Startup total=0 bar=0 other=0 mobile=0 showBar=0 showBarNTP=1
2026-08-05 13:51:09.125: [INFO] BookmarksSnapshot Shutdown total=0 bar=0 other=0 mobile=0 showBar=0 showBarNTP=1
2026-08-05 13:51:12.952: [INFO] CurrentProfilePath: C:\Users\seif9\source\repos\Luminescence v1.03E\Luminescence v1.03E\bin\x64\Debug\Luminescence v1.03E.exe.WebView2\EBWebView\Default
2026-08-05 13:51:12.952: [INFO] Profiles total count: 1
2026-08-05 13:51:12.952: [INFO] Profile: name=Profil 1 path=C:\Users\seif9\source\repos\Luminescence v1.03E\Luminescence v1.03E\bin\x64\Debug\Luminescence v1.03E.exe.WebView2\EBWebView\Default lastActive=2026-08-05T13:50:35.226Z
2026-08-05 13:51:12.952: [INFO] LastUsedProfileDir: C:\Users\seif9\source\repos\Luminescence v1.03E\Luminescence v1.03E\bin\x64\Debug\Luminescence v1.03E.exe.WebView2\EBWebView\Default
2026-08-05 13:51:12.952: [INFO] MostRecentlyActiveProfile: name=Profil 1 path=C:\Users\seif9\source\repos\Luminescence v1.03E\Luminescence v1.03E\bin\x64\Debug\Luminescence v1.03E.exe.WebView2\EBWebView\Default lastActive=2026-08-05T13:50:35.226Z
2026-08-05 13:51:12.952: [INFO] OnDoneLoading sync enabled: 0
2026-08-05 13:51:12.952: [INFO] BookmarkModelLoaded, ids_reassigned: 0
2026-08-05 13:51:12.952: [INFO] BookmarksLoadDropped droppedNodes=0
2026-08-05 13:51:12.952: [INFO] BookmarksSnapshot Startup total=0 bar=0 other=0 mobile=0 showBar=0 showBarNTP=1
2026-08-05 13:52:34.560: [INFO] BookmarksSnapshot Shutdown total=0 bar=0 other=0 mobile=0 showBar=0 showBarNTP=1
2026-08-05 13:52:37.627: [INFO] CurrentProfilePath: C:\Users\seif9\source\repos\Luminescence v1.03E\Luminescence v1.03E\bin\x64\Debug\Luminescence v1.03E.exe.WebView2\EBWebView\Default
2026-08-05 13:52:37.627: [INFO] Profiles total count: 1
2026-08-05 13:52:37.627: [INFO] Profile: name=Profil 1 path=C:\Users\seif9\source\repos\Luminescence v1.03E\Luminescence v1.03E\bin\x64\Debug\Luminescence v1.03E.exe.WebView2\EBWebView\Default lastActive=2026-08-05T13:52:28.584Z
2026-08-05 13:52:37.627: [INFO] LastUsedProfileDir: C:\Users\seif9\source\repos\Luminescence v1.03E\Luminescence v1.03E\bin\x64\Debug\Luminescence v1.03E.exe.WebView2\EBWebView\Default
2026-08-05 13:52:37.627: [INFO] MostRecentlyActiveProfile: name=Profil 1 path=C:\Users\seif9\source\repos\Luminescence v1.03E\Luminescence v1.03E\bin\x64\Debug\Luminescence v1.03E.exe.WebView2\EBWebView\Default lastActive=2026-08-05T13:52:28.584Z
2026-08-05 13:52:37.627: [INFO] OnDoneLoading sync enabled: 0
2026-08-05 13:52:37.627: [INFO] BookmarkModelLoaded, ids_reassigned: 0
2026-08-05 13:52:37.627: [INFO] BookmarksLoadDropped droppedNodes=0
2026-08-05 13:52:37.627: [INFO] BookmarksSnapshot Startup total=0 bar=0 other=0 mobile=0 showBar=0 showBarNTP=1
2026-08-05 13:53:50.237: [INFO] BookmarksSnapshot Shutdown total=0 bar=0 other=0 mobile=0 showBar=0 showBarNTP=1
2026-08-05 13:54:08.920: [INFO] CurrentProfilePath: C:\Users\seif9\source\repos\Luminescence v1.03E\Luminescence v1.03E\bin\x64\Debug\Luminescence v1.03E.exe.WebView2\EBWebView\Default
2026-08-05 13:54:08.920: [INFO] Profiles total count: 1
2026-08-05 13:54:08.921: [INFO] Profile: name=Profil 1 path=C:\Users\seif9\source\repos\Luminescence v1.03E\Luminescence v1.03E\bin\x64\Debug\Luminescence v1.03E.exe.WebView2\EBWebView\Default lastActive=2026-08-05T13:53:38.216Z
2026-08-05 13:54:08.921: [INFO] LastUsedProfileDir: C:\Users\seif9\source\repos\Luminescence v1.03E\Luminescence v1.03E\bin\x64\Debug\Luminescence v1.03E.exe.WebView2\EBWebView\Default
2026-08-05 13:54:08.921: [INFO] MostRecentlyActiveProfile: name=Profil 1 path=C:\Users\seif9\source\repos\Luminescence v1.03E\Luminescence v1.03E\bin\x64\Debug\Luminescence v1.03E.exe.WebView2\EBWebView\Default lastActive=2026-08-05T13:53:38.216Z
2026-08-05 13:54:08.921: [INFO] OnDoneLoading sync enabled: 0
2026-08-05 13:54:08.921: [INFO] BookmarkModelLoaded, ids_reassigned: 0
2026-08-05 13:54:08.921: [INFO] BookmarksLoadDropped droppedNodes=0
2026-08-05 13:54:08.921: [INFO] BookmarksSnapshot Startup total=0 bar=0 other=0 mobile=0 showBar=0 showBarNTP=1
2026-08-05 13:56:14.997: [INFO] BookmarksSnapshot Shutdown total=0 bar=0 other=0 mobile=0 showBar=0 showBarNTP=1
2026-08-05 13:56:36.259: [INFO] CurrentProfilePath: C:\Users\seif9\source\repos\Luminescence v1.03E\Luminescence v1.03E\bin\x64\Debug\Luminescence v1.03E.exe.WebView2\EBWebView\Default
2026-08-05 13:56:36.259: [INFO] Profiles total count: 1
2026-08-05 13:56:36.260: [INFO] Profile: name=Profil 1 path=C:\Users\seif9\source\repos\Luminescence v1.03E\Luminescence v1.03E\bin\x64\Debug\Luminescence v1.03E.exe.WebView2\EBWebView\Default lastActive=2026-08-05T13:55:20.622Z
2026-08-05 13:56:36.260: [INFO] LastUsedProfileDir: C:\Users\seif9\source\repos\Luminescence v1.03E\Luminescence v1.03E\bin\x64\Debug\Luminescence v1.03E.exe.WebView2\EBWebView\Default
2026-08-05 13:56:36.260: [INFO] MostRecentlyActiveProfile: name=Profil 1 path=C:\Users\seif9\source\repos\Luminescence v1.03E\Luminescence v1.03E\bin\x64\Debug\Luminescence v1.03E.exe.WebView2\EBWebView\Default lastActive=2026-08-05T13:55:20.622Z
2026-08-05 13:56:36.260: [INFO] OnDoneLoading sync enabled: 0
2026-08-05 13:56:36.260: [INFO] BookmarkModelLoaded, ids_reassigned: 0
2026-08-05 13:56:36.260: [INFO] BookmarksLoadDropped droppedNodes=0
2026-08-05 13:56:36.260: [INFO] BookmarksSnapshot Startup total=0 bar=0 other=0 mobile=0 showBar=0 showBarNTP=1
2026-08-05 13:59:19.597: [INFO] BookmarksSnapshot Shutdown total=0 bar=0 other=0 mobile=0 showBar=0 showBarNTP=1
2026-08-05 13:59:29.578: [INFO] CurrentProfilePath: C:\Users\seif9\source\repos\Luminescence v1.03E\Luminescence v1.03E\bin\x64\Debug\Luminescence v1.03E.exe.WebView2\EBWebView\Default
2026-08-05 13:59:29.578: [INFO] Profiles total count: 1
2026-08-05 13:59:29.578: [INFO] Profile: name=Profil 1 path=C:\Users\seif9\source\repos\Luminescence v1.03E\Luminescence v1.03E\bin\x64\Debug\Luminescence v1.03E.exe.WebView2\EBWebView\Default lastActive=2026-08-05T13:56:43.860Z
2026-08-05 13:59:29.578: [INFO] LastUsedProfileDir: C:\Users\seif9\source\repos\Luminescence v1.03E\Luminescence v1.03E\bin\x64\Debug\Luminescence v1.03E.exe.WebView2\EBWebView\Default
2026-08-05 13:59:29.578: [INFO] MostRecentlyActiveProfile: name=Profil 1 path=C:\Users\seif9\source\repos\Luminescence v1.03E\Luminescence v1.03E\bin\x64\Debug\Luminescence v1.03E.exe.WebView2\EBWebView\Default lastActive=2026-08-05T13:56:43.860Z
2026-08-05 13:59:29.578: [INFO] OnDoneLoading sync enabled: 0
2026-08-05 13:59:29.578: [INFO] BookmarkModelLoaded, ids_reassigned: 0
2026-08-05 13:59:29.578: [INFO] BookmarksLoadDropped droppedNodes=0
2026-08-05 13:59:29.578: [INFO] BookmarksSnapshot Startup total=0 bar=0 other=0 mobile=0 showBar=0 showBarNTP=1
2026-08-05 14:00:37.446: [INFO] BookmarksSnapshot Shutdown total=0 bar=0 other=0 mobile=0 showBar=0 showBarNTP=1
2026-08-05 14:00:40.664: [INFO] CurrentProfilePath: C:\Users\seif9\source\repos\Luminescence v1.03E\Luminescence v1.03E\bin\x64\Debug\Luminescence v1.03E.exe.WebView2\EBWebView\Default
2026-08-05 14:00:40.664: [INFO] Profiles total count: 1
2026-08-05 14:00:40.664: [INFO] Profile: name=Profil 1 path=C:\Users\seif9\source\repos\Luminescence v1.03E\Luminescence v1.03E\bin\x64\Debug\Luminescence v1.03E.exe.WebView2\EBWebView\Default lastActive=2026-08-05T13:59:52.641Z
2026-08-05 14:00:40.664: [INFO] LastUsedProfileDir: C:\Users\seif9\source\repos\Luminescence v1.03E\Luminescence v1.03E\bin\x64\Debug\Luminescence v1.03E.exe.WebView2\EBWebView\Default
2026-08-05 14:00:40.664: [INFO] MostRecentlyActiveProfile: name=Profil 1 path=C:\Users\seif9\source\repos\Luminescence v1.03E\Luminescence v1.03E\bin\x64\Debug\Luminescence v1.03E.exe.WebView2\EBWebView\Default lastActive=2026-08-05T13:59:52.641Z
2026-08-05 14:00:40.664: [INFO] OnDoneLoading sync enabled: 0
2026-08-05 14:00:40.664: [INFO] BookmarkModelLoaded, ids_reassigned: 0
2026-08-05 14:00:40.664: [INFO] BookmarksLoadDropped droppedNodes=0
2026-08-05 14:00:40.664: [INFO] BookmarksSnapshot Startup total=0 bar=0 other=0 mobile=0 showBar=0 showBarNTP=1
2026-08-05 14:02:46.914: [INFO] BookmarksSnapshot Shutdown total=0 bar=0 other=0 mobile=0 showBar=0 showBarNTP=1
2026-08-05 14:02:56.469: [INFO] CurrentProfilePath: C:\Users\seif9\source\repos\Luminescence v1.03E\Luminescence v1.03E\bin\x64\Debug\Luminescence v1.03E.exe.WebView2\EBWebView\Default
2026-08-05 14:02:56.469: [INFO] Profiles total count: 1
2026-08-05 14:02:56.470: [INFO] Profile: name=Profil 1 path=C:\Users\seif9\source\repos\Luminescence v1.03E\Luminescence v1.03E\bin\x64\Debug\Luminescence v1.03E.exe.WebView2\EBWebView\Default lastActive=2026-08-05T14:01:14.817Z
2026-08-05 14:02:56.470: [INFO] LastUsedProfileDir: C:\Users\seif9\source\repos\Luminescence v1.03E\Luminescence v1.03E\bin\x64\Debug\Luminescence v1.03E.exe.WebView2\EBWebView\Default
2026-08-05 14:02:56.470: [INFO] MostRecentlyActiveProfile: name=Profil 1 path=C:\Users\seif9\source\repos\Luminescence v1.03E\Luminescence v1.03E\bin\x64\Debug\Luminescence v1.03E.exe.WebView2\EBWebView\Default lastActive=2026-08-05T14:01:14.817Z
2026-08-05 14:02:56.470: [INFO] OnDoneLoading sync enabled: 0
2026-08-05 14:02:56.470: [INFO] BookmarkModelLoaded, ids_reassigned: 0
2026-08-05 14:02:56.470: [INFO] BookmarksLoadDropped droppedNodes=0
2026-08-05 14:02:56.470: [INFO] BookmarksSnapshot Startup total=0 bar=0 other=0 mobile=0 showBar=0 showBarNTP=1
2026-08-05 14:03:43.911: [INFO] BookmarksSnapshot Shutdown total=0 bar=0 other=0 mobile=0 showBar=0 showBarNTP=1
2026-08-05 14:04:00.005: [INFO] CurrentProfilePath: C:\Users\seif9\source\repos\Luminescence v1.03E\Luminescence v1.03E\bin\x64\Debug\Luminescence v1.03E.exe.WebView2\EBWebView\Default
2026-08-05 14:04:00.005: [INFO] Profiles total count: 1
2026-08-05 14:04:00.005: [INFO] Profile: name=Profil 1 path=C:\Users\seif9\source\repos\Luminescence v1.03E\Luminescence v1.03E\bin\x64\Debug\Luminescence v1.03E.exe.WebView2\EBWebView\Default lastActive=2026-08-05T14:03:22.652Z
2026-08-05 14:04:00.005: [INFO] LastUsedProfileDir: C:\Users\seif9\source\repos\Luminescence v1.03E\Luminescence v1.03E\bin\x64\Debug\Luminescence v1.03E.exe.WebView2\EBWebView\Default
2026-08-05 14:04:00.005: [INFO] MostRecentlyActiveProfile: name=Profil 1 path=C:\Users\seif9\source\repos\Luminescence v1.03E\Luminescence v1.03E\bin\x64\Debug\Luminescence v1.03E.exe.WebView2\EBWebView\Default lastActive=2026-08-05T14:03:22.652Z
2026-08-05 14:04:00.005: [INFO] OnDoneLoading sync enabled: 0
2026-08-05 14:04:00.005: [INFO] BookmarkModelLoaded, ids_reassigned: 0
2026-08-05 14:04:00.005: [INFO] BookmarksLoadDropped droppedNodes=0
2026-08-05 14:04:00.005: [INFO] BookmarksSnapshot Startup total=0 bar=0 other=0 mobile=0 showBar=0 showBarNTP=1
2026-08-05 14:07:23.210: [INFO] BookmarksSnapshot Shutdown total=0 bar=0 other=0 mobile=0 showBar=0 showBarNTP=1
2026-08-05 14:07:30.102: [INFO] CurrentProfilePath: C:\Users\seif9\source\repos\Luminescence v1.03E\Luminescence v1.03E\bin\x64\Debug\Luminescence v1.03E.exe.WebView2\EBWebView\Default
2026-08-05 14:07:30.102: [INFO] Profiles total count: 1
2026-08-05 14:07:30.104: [INFO] Profile: name=Profil 1 path=C:\Users\seif9\source\repos\Luminescence v1.03E\Luminescence v1.03E\bin\x64\Debug\Luminescence v1.03E.exe.WebView2\EBWebView\Default lastActive=2026-08-05T14:05:35.223Z
2026-08-05 14:07:30.104: [INFO] LastUsedProfileDir: C:\Users\seif9\source\repos\Luminescence v1.03E\Luminescence v1.03E\bin\x64\Debug\Luminescence v1.03E.exe.WebView2\EBWebView\Default
2026-08-05 14:07:30.104: [INFO] MostRecentlyActiveProfile: name=Profil 1 path=C:\Users\seif9\source\repos\Luminescence v1.03E\Luminescence v1.03E\bin\x64\Debug\Luminescence v1.03E.exe.WebView2\EBWebView\Default lastActive=2026-08-05T14:05:35.223Z
2026-08-05 14:07:30.104: [INFO] OnDoneLoading sync enabled: 0
2026-08-05 14:07:30.104: [INFO] BookmarkModelLoaded, ids_reassigned: 0
2026-08-05 14:07:30.104: [INFO] BookmarksLoadDropped droppedNodes=0
2026-08-05 14:07:30.104: [INFO] BookmarksSnapshot Startup total=0 bar=0 other=0 mobile=0 showBar=0 showBarNTP=1
2026-08-05 14:08:26.529: [INFO] BookmarksSnapshot Shutdown total=0 bar=0 other=0 mobile=0 showBar=0 showBarNTP=1
2026-08-05 14:08:36.263: [INFO] CurrentProfilePath: C:\Users\seif9\source\repos\Luminescence v1.03E\Luminescence v1.03E\bin\x64\Debug\Luminescence v1.03E.exe.WebView2\EBWebView\Default
2026-08-05 14:08:36.263: [INFO] Profiles total count: 1
2026-08-05 14:08:36.264: [INFO] Profile: name=Profil 1 path=C:\Users\seif9\source\repos\Luminescence v1.03E\Luminescence v1.03E\bin\x64\Debug\Luminescence v1.03E.exe.WebView2\EBWebView\Default lastActive=2026-08-05T14:08:13.964Z
2026-08-05 14:08:36.264: [INFO] LastUsedProfileDir: C:\Users\seif9\source\repos\Luminescence v1.03E\Luminescence v1.03E\bin\x64\Debug\Luminescence v1.03E.exe.WebView2\EBWebView\Default
2026-08-05 14:08:36.264: [INFO] MostRecentlyActiveProfile: name=Profil 1 path=C:\Users\seif9\source\repos\Luminescence v1.03E\Luminescence v1.03E\bin\x64\Debug\Luminescence v1.03E.exe.WebView2\EBWebView\Default lastActive=2026-08-05T14:08:13.964Z
2026-08-05 14:08:36.264: [INFO] OnDoneLoading sync enabled: 0
2026-08-05 14:08:36.264: [INFO] BookmarkModelLoaded, ids_reassigned: 0
2026-08-05 14:08:36.264: [INFO] BookmarksLoadDropped droppedNodes=0
2026-08-05 14:08:36.264: [INFO] BookmarksSnapshot Startup total=0 bar=0 other=0 mobile=0 showBar=0 showBarNTP=1
2026-08-05 14:09:07.131: [INFO] BookmarksSnapshot Shutdown total=0 bar=0 other=0 mobile=0 showBar=0 showBarNTP=1
2026-08-05 14:09:10.219: [INFO] CurrentProfilePath: C:\Users\seif9\source\repos\Luminescence v1.03E\Luminescence v1.03E\bin\x64\Debug\Luminescence v1.03E.exe.WebView2\EBWebView\Default
2026-08-05 14:09:10.219: [INFO] Profiles total count: 1
2026-08-05 14:09:10.220: [INFO] Profile: name=Profil 1 path=C:\Users\seif9\source\repos\Luminescence v1.03E\Luminescence v1.03E\bin\x64\Debug\Luminescence v1.03E.exe.WebView2\EBWebView\Default lastActive=2026-08-05T14:08:54.626Z
2026-08-05 14:09:10.220: [INFO] LastUsedProfileDir: C:\Users\seif9\source\repos\Luminescence v1.03E\Luminescence v1.03E\bin\x64\Debug\Luminescence v1.03E.exe.WebView2\EBWebView\Default
2026-08-05 14:09:10.220: [INFO] MostRecentlyActiveProfile: name=Profil 1 path=C:\Users\seif9\source\repos\Luminescence v1.03E\Luminescence v1.03E\bin\x64\Debug\Luminescence v1.03E.exe.WebView2\EBWebView\Default lastActive=2026-08-05T14:08:54.626Z
2026-08-05 14:09:10.220: [INFO] OnDoneLoading sync enabled: 0
2026-08-05 14:09:10.220: [INFO] BookmarkModelLoaded, ids_reassigned: 0
2026-08-05 14:09:10.220: [INFO] BookmarksLoadDropped droppedNodes=0
2026-08-05 14:09:10.220: [INFO] BookmarksSnapshot Startup total=0 bar=0 other=0 mobile=0 showBar=0 showBarNTP=1
2026-08-05 14:10:37.057: [INFO] BookmarksSnapshot Shutdown total=0 bar=0 other=0 mobile=0 showBar=0 showBarNTP=1
2026-08-05 14:10:41.534: [INFO] CurrentProfilePath: C:\Users\seif9\source\repos\Luminescence v1.03E\Luminescence v1.03E\bin\x64\Debug\Luminescence v1.03E.exe.WebView2\EBWebView\Default
2026-08-05 14:10:41.534: [INFO] Profiles total count: 1
2026-08-05 14:10:41.535: [INFO] Profile: name=Profil 1 path=C:\Users\seif9\source\repos\Luminescence v1.03E\Luminescence v1.03E\bin\x64\Debug\Luminescence v1.03E.exe.WebView2\EBWebView\Default lastActive=2026-08-05T14:10:33.701Z
2026-08-05 14:10:41.535: [INFO] LastUsedProfileDir: C:\Users\seif9\source\repos\Luminescence v1.03E\Luminescence v1.03E\bin\x64\Debug\Luminescence v1.03E.exe.WebView2\EBWebView\Default
2026-08-05 14:10:41.535: [INFO] MostRecentlyActiveProfile: name=Profil 1 path=C:\Users\seif9\source\repos\Luminescence v1.03E\Luminescence v1.03E\bin\x64\Debug\Luminescence v1.03E.exe.WebView2\EBWebView\Default lastActive=2026-08-05T14:10:33.701Z
2026-08-05 14:10:41.535: [INFO] OnDoneLoading sync enabled: 0
2026-08-05 14:10:41.535: [INFO] BookmarkModelLoaded, ids_reassigned: 0
2026-08-05 14:10:41.535: [INFO] BookmarksLoadDropped droppedNodes=0
2026-08-05 14:10:41.535: [INFO] BookmarksSnapshot Startup total=0 bar=0 other=0 mobile=0 showBar=0 showBarNTP=1
2026-08-05 14:11:10.817: [INFO] BookmarksSnapshot Shutdown total=0 bar=0 other=0 mobile=0 showBar=0 showBarNTP=1
2026-08-05 14:11:21.068: [INFO] CurrentProfilePath: C:\Users\seif9\source\repos\Luminescence v1.03E\Luminescence v1.03E\bin\x64\Debug\Luminescence v1.03E.exe.WebView2\EBWebView\Default
2026-08-05 14:11:21.068: [INFO] Profiles total count: 1
2026-08-05 14:11:21.069: [INFO] Profile: name=Profil 1 path=C:\Users\seif9\source\repos\Luminescence v1.03E\Luminescence v1.03E\bin\x64\Debug\Luminescence v1.03E.exe.WebView2\EBWebView\Default lastActive=2026-08-05T14:11:05.015Z
2026-08-05 14:11:21.069: [INFO] LastUsedProfileDir: C:\Users\seif9\source\repos\Luminescence v1.03E\Luminescence v1.03E\bin\x64\Debug\Luminescence v1.03E.exe.WebView2\EBWebView\Default
2026-08-05 14:11:21.069: [INFO] MostRecentlyActiveProfile: name=Profil 1 path=C:\Users\seif9\source\repos\Luminescence v1.03E\Luminescence v1.03E\bin\x64\Debug\Luminescence v1.03E.exe.WebView2\EBWebView\Default lastActive=2026-08-05T14:11:05.015Z
2026-08-05 14:11:21.069: [INFO] OnDoneLoading sync enabled: 0
2026-08-05 14:11:21.069: [INFO] BookmarkModelLoaded, ids_reassigned: 0
2026-08-05 14:11:21.069: [INFO] BookmarksLoadDropped droppedNodes=0
2026-08-05 14:11:21.069: [INFO] BookmarksSnapshot Startup total=0 bar=0 other=0 mobile=0 showBar=0 showBarNTP=1
2026-08-05 14:12:01.059: [INFO] BookmarksSnapshot Shutdown total=0 bar=0 other=0 mobile=0 showBar=0 showBarNTP=1
2026-08-05 14:12:03.514: [INFO] CurrentProfilePath: C:\Users\seif9\source\repos\Luminescence v1.03E\Luminescence v1.03E\bin\x64\Debug\Luminescence v1.03E.exe.WebView2\EBWebView\Default
2026-08-05 14:12:03.514: [INFO] Profiles total count: 1
2026-08-05 14:12:03.514: [INFO] Profile: name=Profil 1 path=C:\Users\seif9\source\repos\Luminescence v1.03E\Luminescence v1.03E\bin\x64\Debug\Luminescence v1.03E.exe.WebView2\EBWebView\Default lastActive=2026-08-05T14:11:39.658Z
2026-08-05 14:12:03.514: [INFO] LastUsedProfileDir: C:\Users\seif9\source\repos\Luminescence v1.03E\Luminescence v1.03E\bin\x64\Debug\Luminescence v1.03E.exe.WebView2\EBWebView\Default
2026-08-05 14:12:03.514: [INFO] MostRecentlyActiveProfile: name=Profil 1 path=C:\Users\seif9\source\repos\Luminescence v1.03E\Luminescence v1.03E\bin\x64\Debug\Luminescence v1.03E.exe.WebView2\EBWebView\Default lastActive=2026-08-05T14:11:39.658Z
2026-08-05 14:12:03.514: [INFO] OnDoneLoading sync enabled: 0
2026-08-05 14:12:03.514: [INFO] BookmarkModelLoaded, ids_reassigned: 0
2026-08-05 14:12:03.514: [INFO] BookmarksLoadDropped droppedNodes=0
2026-08-05 14:12:03.514: [INFO] BookmarksSnapshot Startup total=0 bar=0 other=0 mobile=0 showBar=0 showBarNTP=1
2026-08-05 14:13:29.692: [INFO] BookmarksSnapshot Shutdown total=0 bar=0 other=0 mobile=0 showBar=0 showBarNTP=1
2026-08-05 14:13:34.280: [INFO] CurrentProfilePath: C:\Users\seif9\source\repos\Luminescence v1.03E\Luminescence v1.03E\bin\x64\Debug\Luminescence v1.03E.exe.WebView2\EBWebView\Default
2026-08-05 14:13:34.280: [INFO] Profiles total count: 1
2026-08-05 14:13:34.280: [INFO] Profile: name=Profil 1 path=C:\Users\seif9\source\repos\Luminescence v1.03E\Luminescence v1.03E\bin\x64\Debug\Luminescence v1.03E.exe.WebView2\EBWebView\Default lastActive=2026-08-05T14:12:32.322Z
2026-08-05 14:13:34.280: [INFO] LastUsedProfileDir: C:\Users\seif9\source\repos\Luminescence v1.03E\Luminescence v1.03E\bin\x64\Debug\Luminescence v1.03E.exe.WebView2\EBWebView\Default
2026-08-05 14:13:34.280: [INFO] MostRecentlyActiveProfile: name=Profil 1 path=C:\Users\seif9\source\repos\Luminescence v1.03E\Luminescence v1.03E\bin\x64\Debug\Luminescence v1.03E.exe.WebView2\EBWebView\Default lastActive=2026-08-05T14:12:32.322Z
2026-08-05 14:13:34.280: [INFO] OnDoneLoading sync enabled: 0
2026-08-05 14:13:34.280: [INFO] BookmarkModelLoaded, ids_reassigned: 0
2026-08-05 14:13:34.280: [INFO] BookmarksLoadDropped droppedNodes=0
2026-08-05 14:13:34.280: [INFO] BookmarksSnapshot Startup total=0 bar=0 other=0 mobile=0 showBar=0 showBarNTP=1
2026-08-05 14:14:30.870: [INFO] BookmarksSnapshot Shutdown total=0 bar=0 other=0 mobile=0 showBar=0 showBarNTP=1
2026-08-05 14:14:33.467: [INFO] CurrentProfilePath: C:\Users\seif9\source\repos\Luminescence v1.03E\Luminescence v1.03E\bin\x64\Debug\Luminescence v1.03E.exe.WebView2\EBWebView\Default
2026-08-05 14:14:33.467: [INFO] Profiles total count: 1
2026-08-05 14:14:33.470: [INFO] Profile: name=Profil 1 path=C:\Users\seif9\source\repos\Luminescence v1.03E\Luminescence v1.03E\bin\x64\Debug\Luminescence v1.03E.exe.WebView2\EBWebView\Default lastActive=2026-08-05T14:14:14.488Z
2026-08-05 14:14:33.470: [INFO] LastUsedProfileDir: C:\Users\seif9\source\repos\Luminescence v1.03E\Luminescence v1.03E\bin\x64\Debug\Luminescence v1.03E.exe.WebView2\EBWebView\Default
2026-08-05 14:14:33.470: [INFO] MostRecentlyActiveProfile: name=Profil 1 path=C:\Users\seif9\source\repos\Luminescence v1.03E\Luminescence v1.03E\bin\x64\Debug\Luminescence v1.03E.exe.WebView2\EBWebView\Default lastActive=2026-08-05T14:14:14.488Z
2026-08-05 14:14:33.470: [INFO] OnDoneLoading sync enabled: 0
2026-08-05 14:14:33.470: [INFO] BookmarkModelLoaded, ids_reassigned: 0
2026-08-05 14:14:33.470: [INFO] BookmarksLoadDropped droppedNodes=0
2026-08-05 14:14:33.470: [INFO] BookmarksSnapshot Startup total=0 bar=0 other=0 mobile=0 showBar=0 showBarNTP=1
2026-08-05 14:16:03.339: [INFO] BookmarksSnapshot Shutdown total=0 bar=0 other=0 mobile=0 showBar=0 showBarNTP=1
2026-08-05 14:16:07.232: [INFO] CurrentProfilePath: C:\Users\seif9\source\repos\Luminescence v1.03E\Luminescence v1.03E\bin\x64\Debug\Luminescence v1.03E.exe.WebView2\EBWebView\Default
2026-08-05 14:16:07.232: [INFO] Profiles total count: 1
2026-08-05 14:16:07.234: [INFO] Profile: name=Profil 1 path=C:\Users\seif9\source\repos\Luminescence v1.03E\Luminescence v1.03E\bin\x64\Debug\Luminescence v1.03E.exe.WebView2\EBWebView\Default lastActive=2026-08-05T14:15:42.152Z
2026-08-05 14:16:07.234: [INFO] LastUsedProfileDir: C:\Users\seif9\source\repos\Luminescence v1.03E\Luminescence v1.03E\bin\x64\Debug\Luminescence v1.03E.exe.WebView2\EBWebView\Default
2026-08-05 14:16:07.234: [INFO] MostRecentlyActiveProfile: name=Profil 1 path=C:\Users\seif9\source\repos\Luminescence v1.03E\Luminescence v1.03E\bin\x64\Debug\Luminescence v1.03E.exe.WebView2\EBWebView\Default lastActive=2026-08-05T14:15:42.152Z
2026-08-05 14:16:07.234: [INFO] OnDoneLoading sync enabled: 0
2026-08-05 14:16:07.234: [INFO] BookmarkModelLoaded, ids_reassigned: 0
2026-08-05 14:16:07.234: [INFO] BookmarksLoadDropped droppedNodes=0
2026-08-05 14:16:07.234: [INFO] BookmarksSnapshot Startup total=0 bar=0 other=0 mobile=0 showBar=0 showBarNTP=1
2026-08-05 14:16:41.740: [INFO] BookmarksSnapshot Shutdown total=0 bar=0 other=0 mobile=0 showBar=0 showBarNTP=1
2026-08-05 14:16:45.517: [INFO] CurrentProfilePath: C:\Users\seif9\source\repos\Luminescence v1.03E\Luminescence v1.03E\bin\x64\Debug\Luminescence v1.03E.exe.WebView2\EBWebView\Default
2026-08-05 14:16:45.517: [INFO] Profiles total count: 1
2026-08-05 14:16:45.518: [INFO] Profile: name=Profil 1 path=C:\Users\seif9\source\repos\Luminescence v1.03E\Luminescence v1.03E\bin\x64\Debug\Luminescence v1.03E.exe.WebView2\EBWebView\Default lastActive=2026-08-05T14:16:32.586Z
2026-08-05 14:16:45.518: [INFO] LastUsedProfileDir: C:\Users\seif9\source\repos\Luminescence v1.03E\Luminescence v1.03E\bin\x64\Debug\Luminescence v1.03E.exe.WebView2\EBWebView\Default
2026-08-05 14:16:45.518: [INFO] MostRecentlyActiveProfile: name=Profil 1 path=C:\Users\seif9\source\repos\Luminescence v1.03E\Luminescence v1.03E\bin\x64\Debug\Luminescence v1.03E.exe.WebView2\EBWebView\Default lastActive=2026-08-05T14:16:32.586Z
2026-08-05 14:16:45.518: [INFO] OnDoneLoading sync enabled: 0
2026-08-05 14:16:45.518: [INFO] BookmarkModelLoaded, ids_reassigned: 0
2026-08-05 14:16:45.518: [INFO] BookmarksLoadDropped droppedNodes=0
2026-08-05 14:16:45.518: [INFO] BookmarksSnapshot Startup total=0 bar=0 other=0 mobile=0 showBar=0 showBarNTP=1
2026-08-05 14:17:51.211: [INFO] BookmarksSnapshot Shutdown total=0 bar=0 other=0 mobile=0 showBar=0 showBarNTP=1
2026-08-05 14:17:58.453: [INFO] CurrentProfilePath: C:\Users\seif9\source\repos\Luminescence v1.03E\Luminescence v1.03E\bin\x64\Debug\Luminescence v1.03E.exe.WebView2\EBWebView\Default
2026-08-05 14:17:58.453: [INFO] Profiles total count: 1
2026-08-05 14:17:58.453: [INFO] Profile: name=Profil 1 path=C:\Users\seif9\source\repos\Luminescence v1.03E\Luminescence v1.03E\bin\x64\Debug\Luminescence v1.03E.exe.WebView2\EBWebView\Default lastActive=2026-08-05T14:16:57.477Z
2026-08-05 14:17:58.453: [INFO] LastUsedProfileDir: C:\Users\seif9\source\repos\Luminescence v1.03E\Luminescence v1.03E\bin\x64\Debug\Luminescence v1.03E.exe.WebView2\EBWebView\Default
2026-08-05 14:17:58.453: [INFO] MostRecentlyActiveProfile: name=Profil 1 path=C:\Users\seif9\source\repos\Luminescence v1.03E\Luminescence v1.03E\bin\x64\Debug\Luminescence v1.03E.exe.WebView2\EBWebView\Default lastActive=2026-08-05T14:16:57.477Z
2026-08-05 14:17:58.453: [INFO] OnDoneLoading sync enabled: 0
2026-08-05 14:17:58.453: [INFO] BookmarkModelLoaded, ids_reassigned: 0
2026-08-05 14:17:58.453: [INFO] BookmarksLoadDropped droppedNodes=0
2026-08-05 14:17:58.453: [INFO] BookmarksSnapshot Startup total=0 bar=0 other=0 mobile=0 showBar=0 showBarNTP=1
2026-08-05 14:21:19.591: [INFO] BookmarksSnapshot Shutdown total=0 bar=0 other=0 mobile=0 showBar=0 showBarNTP=1
2026-08-05 14:21:22.975: [INFO] CurrentProfilePath: C:\Users\seif9\source\repos\Luminescence v1.03E\Luminescence v1.03E\bin\x64\Debug\Luminescence v1.03E.exe.WebView2\EBWebView\Default
2026-08-05 14:21:22.975: [INFO] Profiles total count: 1
2026-08-05 14:21:22.977: [INFO] Profile: name=Profil 1 path=C:\Users\seif9\source\repos\Luminescence v1.03E\Luminescence v1.03E\bin\x64\Debug\Luminescence v1.03E.exe.WebView2\EBWebView\Default lastActive=2026-08-05T14:20:53.020Z
2026-08-05 14:21:22.977: [INFO] LastUsedProfileDir: C:\Users\seif9\source\repos\Luminescence v1.03E\Luminescence v1.03E\bin\x64\Debug\Luminescence v1.03E.exe.WebView2\EBWebView\Default
2026-08-05 14:21:22.977: [INFO] MostRecentlyActiveProfile: name=Profil 1 path=C:\Users\seif9\source\repos\Luminescence v1.03E\Luminescence v1.03E\bin\x64\Debug\Luminescence v1.03E.exe.WebView2\EBWebView\Default lastActive=2026-08-05T14:20:53.020Z
2026-08-05 14:21:22.977: [INFO] OnDoneLoading sync enabled: 0
2026-08-05 14:21:22.977: [INFO] BookmarkModelLoaded, ids_reassigned: 0
2026-08-05 14:21:22.977: [INFO] BookmarksLoadDropped droppedNodes=0
2026-08-05 14:21:22.977: [INFO] BookmarksSnapshot Startup total=0 bar=0 other=0 mobile=0 showBar=0 showBarNTP=1
2026-08-05 14:23:17.993: [INFO] BookmarksSnapshot Shutdown total=0 bar=0 other=0 mobile=0 showBar=0 showBarNTP=1
2026-08-05 14:23:20.854: [INFO] CurrentProfilePath: C:\Users\seif9\source\repos\Luminescence v1.03E\Luminescence v1.03E\bin\x64\Debug\Luminescence v1.03E.exe.WebView2\EBWebView\Default
2026-08-05 14:23:20.854: [INFO] Profiles total count: 1
2026-08-05 14:23:20.854: [INFO] Profile: name=Profil 1 path=C:\Users\seif9\source\repos\Luminescence v1.03E\Luminescence v1.03E\bin\x64\Debug\Luminescence v1.03E.exe.WebView2\EBWebView\Default lastActive=2026-08-05T14:23:10.298Z
2026-08-05 14:23:20.854: [INFO] LastUsedProfileDir: C:\Users\seif9\source\repos\Luminescence v1.03E\Luminescence v1.03E\bin\x64\Debug\Luminescence v1.03E.exe.WebView2\EBWebView\Default
2026-08-05 14:23:20.854: [INFO] MostRecentlyActiveProfile: name=Profil 1 path=C:\Users\seif9\source\repos\Luminescence v1.03E\Luminescence v1.03E\bin\x64\Debug\Luminescence v1.03E.exe.WebView2\EBWebView\Default lastActive=2026-08-05T14:23:10.298Z
2026-08-05 14:23:20.854: [INFO] OnDoneLoading sync enabled: 0
2026-08-05 14:23:20.854: [INFO] BookmarkModelLoaded, ids_reassigned: 0
2026-08-05 14:23:20.854: [INFO] BookmarksLoadDropped droppedNodes=0
2026-08-05 14:23:20.854: [INFO] BookmarksSnapshot Startup total=0 bar=0 other=0 mobile=0 showBar=0 showBarNTP=1
2026-08-05 14:25:05.267: [INFO] BookmarksSnapshot Shutdown total=0 bar=0 other=0 mobile=0 showBar=0 showBarNTP=1
2026-08-05 14:25:16.624: [INFO] CurrentProfilePath: C:\Users\seif9\source\repos\Luminescence v1.03E\Luminescence v1.03E\bin\x64\Debug\Luminescence v1.03E.exe.WebView2\EBWebView\Default
2026-08-05 14:25:16.624: [INFO] Profiles total count: 1
2026-08-05 14:25:16.624: [INFO] Profile: name=Profil 1 path=C:\Users\seif9\source\repos\Luminescence v1.03E\Luminescence v1.03E\bin\x64\Debug\Luminescence v1.03E.exe.WebView2\EBWebView\Default lastActive=2026-08-05T14:23:43.399Z
2026-08-05 14:25:16.624: [INFO] LastUsedProfileDir: C:\Users\seif9\source\repos\Luminescence v1.03E\Luminescence v1.03E\bin\x64\Debug\Luminescence v1.03E.exe.WebView2\EBWebView\Default
2026-08-05 14:25:16.624: [INFO] MostRecentlyActiveProfile: name=Profil 1 path=C:\Users\seif9\source\repos\Luminescence v1.03E\Luminescence v1.03E\bin\x64\Debug\Luminescence v1.03E.exe.WebView2\EBWebView\Default lastActive=2026-08-05T14:23:43.399Z
2026-08-05 14:25:16.624: [INFO] OnDoneLoading sync enabled: 0
2026-08-05 14:25:16.624: [INFO] BookmarkModelLoaded, ids_reassigned: 0
2026-08-05 14:25:16.624: [INFO] BookmarksLoadDropped droppedNodes=0
2026-08-05 14:25:16.624: [INFO] BookmarksSnapshot Startup total=0 bar=0 other=0 mobile=0 showBar=0 showBarNTP=1
2026-08-05 14:28:51.378: [INFO] BookmarksSnapshot Shutdown total=0 bar=0 other=0 mobile=0 showBar=0 showBarNTP=1
2026-08-05 14:28:55.504: [INFO] CurrentProfilePath: C:\Users\seif9\source\repos\Luminescence v1.03E\Luminescence v1.03E\bin\x64\Debug\Luminescence v1.03E.exe.WebView2\EBWebView\Default
2026-08-05 14:28:55.504: [INFO] Profiles total count: 1
2026-08-05 14:28:55.504: [INFO] Profile: name=Profil 1 path=C:\Users\seif9\source\repos\Luminescence v1.03E\Luminescence v1.03E\bin\x64\Debug\Luminescence v1.03E.exe.WebView2\EBWebView\Default lastActive=2026-08-05T14:27:45.819Z
2026-08-05 14:28:55.504: [INFO] LastUsedProfileDir: C:\Users\seif9\source\repos\Luminescence v1.03E\Luminescence v1.03E\bin\x64\Debug\Luminescence v1.03E.exe.WebView2\EBWebView\Default
2026-08-05 14:28:55.504: [INFO] MostRecentlyActiveProfile: name=Profil 1 path=C:\Users\seif9\source\repos\Luminescence v1.03E\Luminescence v1.03E\bin\x64\Debug\Luminescence v1.03E.exe.WebView2\EBWebView\Default lastActive=2026-08-05T14:27:45.819Z
2026-08-05 14:28:55.504: [INFO] OnDoneLoading sync enabled: 0
2026-08-05 14:28:55.504: [INFO] BookmarkModelLoaded, ids_reassigned: 0
2026-08-05 14:28:55.504: [INFO] BookmarksLoadDropped droppedNodes=0
2026-08-05 14:28:55.504: [INFO] BookmarksSnapshot Startup total=0 bar=0 other=0 mobile=0 showBar=0 showBarNTP=1
2026-08-05 14:30:10.415: [INFO] BookmarksSnapshot Shutdown total=0 bar=0 other=0 mobile=0 showBar=0 showBarNTP=1
2026-08-05 14:30:20.873: [INFO] CurrentProfilePath: C:\Users\seif9\source\repos\Luminescence v1.03E\Luminescence v1.03E\bin\x64\Debug\Luminescence v1.03E.exe.WebView2\EBWebView\Default
2026-08-05 14:30:20.873: [INFO] Profiles total count: 1
2026-08-05 14:30:20.873: [INFO] Profile: name=Profil 1 path=C:\Users\seif9\source\repos\Luminescence v1.03E\Luminescence v1.03E\bin\x64\Debug\Luminescence v1.03E.exe.WebView2\EBWebView\Default lastActive=2026-08-05T14:29:57.960Z
2026-08-05 14:30:20.873: [INFO] LastUsedProfileDir: C:\Users\seif9\source\repos\Luminescence v1.03E\Luminescence v1.03E\bin\x64\Debug\Luminescence v1.03E.exe.WebView2\EBWebView\Default
2026-08-05 14:30:20.873: [INFO] MostRecentlyActiveProfile: name=Profil 1 path=C:\Users\seif9\source\repos\Luminescence v1.03E\Luminescence v1.03E\bin\x64\Debug\Luminescence v1.03E.exe.WebView2\EBWebView\Default lastActive=2026-08-05T14:29:57.960Z
2026-08-05 14:30:20.873: [INFO] OnDoneLoading sync enabled: 0
2026-08-05 14:30:20.873: [INFO] BookmarkModelLoaded, ids_reassigned: 0
2026-08-05 14:30:20.873: [INFO] BookmarksLoadDropped droppedNodes=0
2026-08-05 14:30:20.873: [INFO] BookmarksSnapshot Startup total=0 bar=0 other=0 mobile=0 showBar=0 showBarNTP=1
2026-08-05 14:31:28.687: [INFO] BookmarksSnapshot Shutdown total=0 bar=0 other=0 mobile=0 showBar=0 showBarNTP=1
2026-08-05 14:31:48.104: [INFO] CurrentProfilePath: C:\Users\seif9\source\repos\Luminescence v1.03E\Luminescence v1.03E\bin\x64\Debug\Luminescence v1.03E.exe.WebView2\EBWebView\Default
2026-08-05 14:31:48.104: [INFO] Profiles total count: 1
2026-08-05 14:31:48.105: [INFO] Profile: name=Profil 1 path=C:\Users\seif9\source\repos\Luminescence v1.03E\Luminescence v1.03E\bin\x64\Debug\Luminescence v1.03E.exe.WebView2\EBWebView\Default lastActive=2026-08-05T14:30:42.224Z
2026-08-05 14:31:48.105: [INFO] LastUsedProfileDir: C:\Users\seif9\source\repos\Luminescence v1.03E\Luminescence v1.03E\bin\x64\Debug\Luminescence v1.03E.exe.WebView2\EBWebView\Default
2026-08-05 14:31:48.105: [INFO] MostRecentlyActiveProfile: name=Profil 1 path=C:\Users\seif9\source\repos\Luminescence v1.03E\Luminescence v1.03E\bin\x64\Debug\Luminescence v1.03E.exe.WebView2\EBWebView\Default lastActive=2026-08-05T14:30:42.224Z
2026-08-05 14:31:48.105: [INFO] OnDoneLoading sync enabled: 0
2026-08-05 14:31:48.105: [INFO] BookmarkModelLoaded, ids_reassigned: 0
2026-08-05 14:31:48.105: [INFO] BookmarksLoadDropped droppedNodes=0
2026-08-05 14:31:48.105: [INFO] BookmarksSnapshot Startup total=0 bar=0 other=0 mobile=0 showBar=0 showBarNTP=1
2026-08-05 14:34:29.036: [INFO] BookmarksSnapshot Shutdown total=0 bar=0 other=0 mobile=0 showBar=0 showBarNTP=1
2026-08-05 14:34:31.343: [INFO] CurrentProfilePath: C:\Users\seif9\source\repos\Luminescence v1.03E\Luminescence v1.03E\bin\x64\Debug\Luminescence v1.03E.exe.WebView2\EBWebView\Default
2026-08-05 14:34:31.343: [INFO] Profiles total count: 1
2026-08-05 14:34:31.343: [INFO] Profile: name=Profil 1 path=C:\Users\seif9\source\repos\Luminescence v1.03E\Luminescence v1.03E\bin\x64\Debug\Luminescence v1.03E.exe.WebView2\EBWebView\Default lastActive=2026-08-05T14:32:09.632Z
2026-08-05 14:34:31.343: [INFO] LastUsedProfileDir: C:\Users\seif9\source\repos\Luminescence v1.03E\Luminescence v1.03E\bin\x64\Debug\Luminescence v1.03E.exe.WebView2\EBWebView\Default
2026-08-05 14:34:31.343: [INFO] MostRecentlyActiveProfile: name=Profil 1 path=C:\Users\seif9\source\repos\Luminescence v1.03E\Luminescence v1.03E\bin\x64\Debug\Luminescence v1.03E.exe.WebView2\EBWebView\Default lastActive=2026-08-05T14:32:09.632Z
2026-08-05 14:34:31.343: [INFO] OnDoneLoading sync enabled: 0
2026-08-05 14:34:31.343: [INFO] BookmarkModelLoaded, ids_reassigned: 0
2026-08-05 14:34:31.343: [INFO] BookmarksLoadDropped droppedNodes=0
2026-08-05 14:34:31.343: [INFO] BookmarksSnapshot Startup total=0 bar=0 other=0 mobile=0 showBar=0 showBarNTP=1
2026-08-05 14:37:28.810: [INFO] BookmarksSnapshot Shutdown total=0 bar=0 other=0 mobile=0 showBar=0 showBarNTP=1
2026-08-05 14:37:31.228: [INFO] CurrentProfilePath: C:\Users\seif9\source\repos\Luminescence v1.03E\Luminescence v1.03E\bin\x64\Debug\Luminescence v1.03E.exe.WebView2\EBWebView\Default
2026-08-05 14:37:31.228: [INFO] Profiles total count: 1
2026-08-05 14:37:31.228: [INFO] Profile: name=Profil 1 path=C:\Users\seif9\source\repos\Luminescence v1.03E\Luminescence v1.03E\bin\x64\Debug\Luminescence v1.03E.exe.WebView2\EBWebView\Default lastActive=2026-08-05T14:35:01.546Z
2026-08-05 14:37:31.228: [INFO] LastUsedProfileDir: C:\Users\seif9\source\repos\Luminescence v1.03E\Luminescence v1.03E\bin\x64\Debug\Luminescence v1.03E.exe.WebView2\EBWebView\Default
2026-08-05 14:37:31.228: [INFO] MostRecentlyActiveProfile: name=Profil 1 path=C:\Users\seif9\source\repos\Luminescence v1.03E\Luminescence v1.03E\bin\x64\Debug\Luminescence v1.03E.exe.WebView2\EBWebView\Default lastActive=2026-08-05T14:35:01.546Z
2026-08-05 14:37:31.228: [INFO] OnDoneLoading sync enabled: 0
2026-08-05 14:37:31.228: [INFO] BookmarkModelLoaded, ids_reassigned: 0
2026-08-05 14:37:31.228: [INFO] BookmarksLoadDropped droppedNodes=0
2026-08-05 14:37:31.228: [INFO] BookmarksSnapshot Startup total=0 bar=0 other=0 mobile=0 showBar=0 showBarNTP=1
2026-08-05 14:38:06.232: [INFO] BookmarksSnapshot Shutdown total=0 bar=0 other=0 mobile=0 showBar=0 showBarNTP=1
2026-08-05 14:38:09.250: [INFO] CurrentProfilePath: C:\Users\seif9\source\repos\Luminescence v1.03E\Luminescence v1.03E\bin\x64\Debug\Luminescence v1.03E.exe.WebView2\EBWebView\Default
2026-08-05 14:38:09.250: [INFO] Profiles total count: 1
2026-08-05 14:38:09.250: [INFO] Profile: name=Profil 1 path=C:\Users\seif9\source\repos\Luminescence v1.03E\Luminescence v1.03E\bin\x64\Debug\Luminescence v1.03E.exe.WebView2\EBWebView\Default lastActive=2026-08-05T14:37:52.410Z
2026-08-05 14:38:09.250: [INFO] LastUsedProfileDir: C:\Users\seif9\source\repos\Luminescence v1.03E\Luminescence v1.03E\bin\x64\Debug\Luminescence v1.03E.exe.WebView2\EBWebView\Default
2026-08-05 14:38:09.250: [INFO] MostRecentlyActiveProfile: name=Profil 1 path=C:\Users\seif9\source\repos\Luminescence v1.03E\Luminescence v1.03E\bin\x64\Debug\Luminescence v1.03E.exe.WebView2\EBWebView\Default lastActive=2026-08-05T14:37:52.410Z
2026-08-05 14:38:09.250: [INFO] OnDoneLoading sync enabled: 0
2026-08-05 14:38:09.250: [INFO] BookmarkModelLoaded, ids_reassigned: 0
2026-08-05 14:38:09.250: [INFO] BookmarksLoadDropped droppedNodes=0
2026-08-05 14:38:09.250: [INFO] BookmarksSnapshot Startup total=0 bar=0 other=0 mobile=0 showBar=0 showBarNTP=1
2026-08-05 14:41:09.471: [INFO] BookmarksSnapshot Shutdown total=0 bar=0 other=0 mobile=0 showBar=0 showBarNTP=1
2026-08-05 14:41:13.571: [INFO] CurrentProfilePath: C:\Users\seif9\source\repos\Luminescence v1.03E\Luminescence v1.03E\bin\x64\Debug\Luminescence v1.03E.exe.WebView2\EBWebView\Default
2026-08-05 14:41:13.571: [INFO] Profiles total count: 1
2026-08-05 14:41:13.571: [INFO] Profile: name=Profil 1 path=C:\Users\seif9\source\repos\Luminescence v1.03E\Luminescence v1.03E\bin\x64\Debug\Luminescence v1.03E.exe.WebView2\EBWebView\Default lastActive=2026-08-05T14:38:18.025Z
2026-08-05 14:41:13.571: [INFO] LastUsedProfileDir: C:\Users\seif9\source\repos\Luminescence v1.03E\Luminescence v1.03E\bin\x64\Debug\Luminescence v1.03E.exe.WebView2\EBWebView\Default
2026-08-05 14:41:13.571: [INFO] MostRecentlyActiveProfile: name=Profil 1 path=C:\Users\seif9\source\repos\Luminescence v1.03E\Luminescence v1.03E\bin\x64\Debug\Luminescence v1.03E.exe.WebView2\EBWebView\Default lastActive=2026-08-05T14:38:18.025Z
2026-08-05 14:41:13.571: [INFO] OnDoneLoading sync enabled: 0
2026-08-05 14:41:13.571: [INFO] BookmarkModelLoaded, ids_reassigned: 0
2026-08-05 14:41:13.571: [INFO] BookmarksLoadDropped droppedNodes=0
2026-08-05 14:41:13.571: [INFO] BookmarksSnapshot Startup total=0 bar=0 other=0 mobile=0 showBar=0 showBarNTP=1
2026-08-05 14:42:54.252: [INFO] BookmarksSnapshot Shutdown total=0 bar=0 other=0 mobile=0 showBar=0 showBarNTP=1
2026-08-05 14:42:59.339: [INFO] CurrentProfilePath: C:\Users\seif9\source\repos\Luminescence v1.03E\Luminescence v1.03E\bin\x64\Debug\Luminescence v1.03E.exe.WebView2\EBWebView\Default
2026-08-05 14:42:59.339: [INFO] Profiles total count: 1
2026-08-05 14:42:59.339: [INFO] Profile: name=Profil 1 path=C:\Users\seif9\source\repos\Luminescence v1.03E\Luminescence v1.03E\bin\x64\Debug\Luminescence v1.03E.exe.WebView2\EBWebView\Default lastActive=2026-08-05T14:41:37.567Z
2026-08-05 14:42:59.339: [INFO] LastUsedProfileDir: C:\Users\seif9\source\repos\Luminescence v1.03E\Luminescence v1.03E\bin\x64\Debug\Luminescence v1.03E.exe.WebView2\EBWebView\Default
2026-08-05 14:42:59.339: [INFO] MostRecentlyActiveProfile: name=Profil 1 path=C:\Users\seif9\source\repos\Luminescence v1.03E\Luminescence v1.03E\bin\x64\Debug\Luminescence v1.03E.exe.WebView2\EBWebView\Default lastActive=2026-08-05T14:41:37.567Z
2026-08-05 14:42:59.339: [INFO] OnDoneLoading sync enabled: 0
2026-08-05 14:42:59.339: [INFO] BookmarkModelLoaded, ids_reassigned: 0
2026-08-05 14:42:59.339: [INFO] BookmarksLoadDropped droppedNodes=0
2026-08-05 14:42:59.339: [INFO] BookmarksSnapshot Startup total=0 bar=0 other=0 mobile=0 showBar=0 showBarNTP=1
2026-08-05 14:44:02.860: [INFO] BookmarksSnapshot Shutdown total=0 bar=0 other=0 mobile=0 showBar=0 showBarNTP=1
2026-08-05 14:44:10.298: [INFO] CurrentProfilePath: C:\Users\seif9\source\repos\Luminescence v1.03E\Luminescence v1.03E\bin\x64\Debug\Luminescence v1.03E.exe.WebView2\EBWebView\Default
2026-08-05 14:44:10.298: [INFO] Profiles total count: 1
2026-08-05 14:44:10.298: [INFO] Profile: name=Profil 1 path=C:\Users\seif9\source\repos\Luminescence v1.03E\Luminescence v1.03E\bin\x64\Debug\Luminescence v1.03E.exe.WebView2\EBWebView\Default lastActive=2026-08-05T14:43:18.008Z
2026-08-05 14:44:10.298: [INFO] LastUsedProfileDir: C:\Users\seif9\source\repos\Luminescence v1.03E\Luminescence v1.03E\bin\x64\Debug\Luminescence v1.03E.exe.WebView2\EBWebView\Default
2026-08-05 14:44:10.298: [INFO] MostRecentlyActiveProfile: name=Profil 1 path=C:\Users\seif9\source\repos\Luminescence v1.03E\Luminescence v1.03E\bin\x64\Debug\Luminescence v1.03E.exe.WebView2\EBWebView\Default lastActive=2026-08-05T14:43:18.008Z
2026-08-05 14:44:10.298: [INFO] OnDoneLoading sync enabled: 0
2026-08-05 14:44:10.298: [INFO] BookmarkModelLoaded, ids_reassigned: 0
2026-08-05 14:44:10.299: [INFO] BookmarksLoadDropped droppedNodes=0
2026-08-05 14:44:10.299: [INFO] BookmarksSnapshot Startup total=0 bar=0 other=0 mobile=0 showBar=0 showBarNTP=1
2026-08-05 14:44:47.319: [INFO] BookmarksSnapshot Shutdown total=0 bar=0 other=0 mobile=0 showBar=0 showBarNTP=1
2026-08-05 14:44:51.805: [INFO] CurrentProfilePath: C:\Users\seif9\source\repos\Luminescence v1.03E\Luminescence v1.03E\bin\x64\Debug\Luminescence v1.03E.exe.WebView2\EBWebView\Default
2026-08-05 14:44:51.805: [INFO] Profiles total count: 1
2026-08-05 14:44:51.805: [INFO] Profile: name=Profil 1 path=C:\Users\seif9\source\repos\Luminescence v1.03E\Luminescence v1.03E\bin\x64\Debug\Luminescence v1.03E.exe.WebView2\EBWebView\Default lastActive=2026-08-05T14:44:35.871Z
2026-08-05 14:44:51.805: [INFO] LastUsedProfileDir: C:\Users\seif9\source\repos\Luminescence v1.03E\Luminescence v1.03E\bin\x64\Debug\Luminescence v1.03E.exe.WebView2\EBWebView\Default
2026-08-05 14:44:51.805: [INFO] MostRecentlyActiveProfile: name=Profil 1 path=C:\Users\seif9\source\repos\Luminescence v1.03E\Luminescence v1.03E\bin\x64\Debug\Luminescence v1.03E.exe.WebView2\EBWebView\Default lastActive=2026-08-05T14:44:35.871Z
2026-08-05 14:44:51.805: [INFO] OnDoneLoading sync enabled: 0
2026-08-05 14:44:51.805: [INFO] BookmarkModelLoaded, ids_reassigned: 0
2026-08-05 14:44:51.805: [INFO] BookmarksLoadDropped droppedNodes=0
2026-08-05 14:44:51.805: [INFO] BookmarksSnapshot Startup total=0 bar=0 other=0 mobile=0 showBar=0 showBarNTP=1
2026-08-05 14:46:54.614: [INFO] BookmarksSnapshot Shutdown total=0 bar=0 other=0 mobile=0 showBar=0 showBarNTP=1
2026-08-05 14:47:02.660: [INFO] CurrentProfilePath: C:\Users\seif9\source\repos\Luminescence v1.03E\Luminescence v1.03E\bin\x64\Debug\Luminescence v1.03E.exe.WebView2\EBWebView\Default
2026-08-05 14:47:02.660: [INFO] Profiles total count: 1
2026-08-05 14:47:02.660: [INFO] Profile: name=Profil 1 path=C:\Users\seif9\source\repos\Luminescence v1.03E\Luminescence v1.03E\bin\x64\Debug\Luminescence v1.03E.exe.WebView2\EBWebView\Default lastActive=2026-08-05T14:45:17.247Z
2026-08-05 14:47:02.660: [INFO] LastUsedProfileDir: C:\Users\seif9\source\repos\Luminescence v1.03E\Luminescence v1.03E\bin\x64\Debug\Luminescence v1.03E.exe.WebView2\EBWebView\Default
2026-08-05 14:47:02.660: [INFO] MostRecentlyActiveProfile: name=Profil 1 path=C:\Users\seif9\source\repos\Luminescence v1.03E\Luminescence v1.03E\bin\x64\Debug\Luminescence v1.03E.exe.WebView2\EBWebView\Default lastActive=2026-08-05T14:45:17.247Z
2026-08-05 14:47:02.660: [INFO] OnDoneLoading sync enabled: 0
2026-08-05 14:47:02.660: [INFO] BookmarkModelLoaded, ids_reassigned: 0
2026-08-05 14:47:02.660: [INFO] BookmarksLoadDropped droppedNodes=0
2026-08-05 14:47:02.660: [INFO] BookmarksSnapshot Startup total=0 bar=0 other=0 mobile=0 showBar=0 showBarNTP=1
2026-08-05 14:47:21.621: [INFO] BookmarksSnapshot Shutdown total=0 bar=0 other=0 mobile=0 showBar=0 showBarNTP=1
2026-08-05 14:47:24.496: [INFO] CurrentProfilePath: C:\Users\seif9\source\repos\Luminescence v1.03E\Luminescence v1.03E\bin\x64\Debug\Luminescence v1.03E.exe.WebView2\EBWebView\Default
2026-08-05 14:47:24.496: [INFO] Profiles total count: 1
2026-08-05 14:47:24.496: [INFO] Profile: name=Profil 1 path=C:\Users\seif9\source\repos\Luminescence v1.03E\Luminescence v1.03E\bin\x64\Debug\Luminescence v1.03E.exe.WebView2\EBWebView\Default lastActive=2026-08-05T14:47:08.249Z
2026-08-05 14:47:24.496: [INFO] LastUsedProfileDir: C:\Users\seif9\source\repos\Luminescence v1.03E\Luminescence v1.03E\bin\x64\Debug\Luminescence v1.03E.exe.WebView2\EBWebView\Default
2026-08-05 14:47:24.496: [INFO] MostRecentlyActiveProfile: name=Profil 1 path=C:\Users\seif9\source\repos\Luminescence v1.03E\Luminescence v1.03E\bin\x64\Debug\Luminescence v1.03E.exe.WebView2\EBWebView\Default lastActive=2026-08-05T14:47:08.249Z
2026-08-05 14:47:24.496: [INFO] OnDoneLoading sync enabled: 0
2026-08-05 14:47:24.496: [INFO] BookmarkModelLoaded, ids_reassigned: 0
2026-08-05 14:47:24.496: [INFO] BookmarksLoadDropped droppedNodes=0
2026-08-05 14:47:24.496: [INFO] BookmarksSnapshot Startup total=0 bar=0 other=0 mobile=0 showBar=0 showBarNTP=1
2026-08-05 14:48:26.209: [INFO] BookmarksSnapshot Shutdown total=0 bar=0 other=0 mobile=0 showBar=0 showBarNTP=1
2026-08-05 14:48:32.209: [INFO] CurrentProfilePath: C:\Users\seif9\source\repos\Luminescence v1.03E\Luminescence v1.03E\bin\x64\Debug\Luminescence v1.03E.exe.WebView2\EBWebView\Default
2026-08-05 14:48:32.209: [INFO] Profiles total count: 1
2026-08-05 14:48:32.209: [INFO] Profile: name=Profil 1 path=C:\Users\seif9\source\repos\Luminescence v1.03E\Luminescence v1.03E\bin\x64\Debug\Luminescence v1.03E.exe.WebView2\EBWebView\Default lastActive=2026-08-05T14:47:50.050Z
2026-08-05 14:48:32.209: [INFO] LastUsedProfileDir: C:\Users\seif9\source\repos\Luminescence v1.03E\Luminescence v1.03E\bin\x64\Debug\Luminescence v1.03E.exe.WebView2\EBWebView\Default
2026-08-05 14:48:32.209: [INFO] MostRecentlyActiveProfile: name=Profil 1 path=C:\Users\seif9\source\repos\Luminescence v1.03E\Luminescence v1.03E\bin\x64\Debug\Luminescence v1.03E.exe.WebView2\EBWebView\Default lastActive=2026-08-05T14:47:50.050Z
2026-08-05 14:48:32.209: [INFO] OnDoneLoading sync enabled: 0
2026-08-05 14:48:32.209: [INFO] BookmarkModelLoaded, ids_reassigned: 0
2026-08-05 14:48:32.209: [INFO] BookmarksLoadDropped droppedNodes=0
2026-08-05 14:48:32.209: [INFO] BookmarksSnapshot Startup total=0 bar=0 other=0 mobile=0 showBar=0 showBarNTP=1
2026-08-05 14:54:16.103: [INFO] BookmarksSnapshot Shutdown total=0 bar=0 other=0 mobile=0 showBar=0 showBarNTP=1
2026-08-05 15:14:27.676: [INFO] CurrentProfilePath: C:\Users\seif9\source\repos\Luminescence v1.03E\Luminescence v1.03E\bin\x64\Debug\Luminescence v1.03E.exe.WebView2\EBWebView\Default
2026-08-05 15:14:27.676: [INFO] Profiles total count: 1
2026-08-05 15:14:27.676: [INFO] Profile: name=Profil 1 path=C:\Users\seif9\source\repos\Luminescence v1.03E\Luminescence v1.03E\bin\x64\Debug\Luminescence v1.03E.exe.WebView2\EBWebView\Default lastActive=2026-08-05T14:48:55.867Z
2026-08-05 15:14:27.676: [INFO] LastUsedProfileDir: C:\Users\seif9\source\repos\Luminescence v1.03E\Luminescence v1.03E\bin\x64\Debug\Luminescence v1.03E.exe.WebView2\EBWebView\Default
2026-08-05 15:14:27.676: [INFO] MostRecentlyActiveProfile: name=Profil 1 path=C:\Users\seif9\source\repos\Luminescence v1.03E\Luminescence v1.03E\bin\x64\Debug\Luminescence v1.03E.exe.WebView2\EBWebView\Default lastActive=2026-08-05T14:48:55.867Z
2026-08-05 15:14:27.676: [INFO] OnDoneLoading sync enabled: 0
2026-08-05 15:14:27.676: [INFO] BookmarkModelLoaded, ids_reassigned: 0
2026-08-05 15:14:27.676: [INFO] BookmarksLoadDropped droppedNodes=0
2026-08-05 15:14:27.676: [INFO] BookmarksSnapshot Startup total=0 bar=0 other=0 mobile=0 showBar=0 showBarNTP=1
2026-08-05 15:14:43.435: [INFO] BookmarksSnapshot Shutdown total=0 bar=0 other=0 mobile=0 showBar=0 showBarNTP=1
2026-08-05 15:17:29.695: [INFO] CurrentProfilePath: C:\Users\seif9\source\repos\Luminescence v1.03E\Luminescence v1.03E\bin\x64\Debug\Luminescence v1.03E.exe.WebView2\EBWebView\Default
2026-08-05 15:17:29.695: [INFO] Profiles total count: 1
2026-08-05 15:17:29.696: [INFO] Profile: name=Profil 1 path=C:\Users\seif9\source\repos\Luminescence v1.03E\Luminescence v1.03E\bin\x64\Debug\Luminescence v1.03E.exe.WebView2\EBWebView\Default lastActive=2026-08-05T14:48:55.867Z
2026-08-05 15:17:29.696: [INFO] LastUsedProfileDir: C:\Users\seif9\source\repos\Luminescence v1.03E\Luminescence v1.03E\bin\x64\Debug\Luminescence v1.03E.exe.WebView2\EBWebView\Default
2026-08-05 15:17:29.696: [INFO] MostRecentlyActiveProfile: name=Profil 1 path=C:\Users\seif9\source\repos\Luminescence v1.03E\Luminescence v1.03E\bin\x64\Debug\Luminescence v1.03E.exe.WebView2\EBWebView\Default lastActive=2026-08-05T14:48:55.867Z
2026-08-05 15:17:29.696: [INFO] OnDoneLoading sync enabled: 0
2026-08-05 15:17:29.696: [INFO] BookmarkModelLoaded, ids_reassigned: 0
2026-08-05 15:17:29.696: [INFO] BookmarksLoadDropped droppedNodes=0
2026-08-05 15:17:29.696: [INFO] BookmarksSnapshot Startup total=0 bar=0 other=0 mobile=0 showBar=0 showBarNTP=1
2026-08-05 15:18:01.937: [INFO] BookmarksSnapshot Shutdown total=0 bar=0 other=0 mobile=0 showBar=0 showBarNTP=1
2026-08-05 15:19:20.026: [INFO] CurrentProfilePath: C:\Users\seif9\source\repos\Luminescence v1.03E\Luminescence v1.03E\bin\x64\Debug\Luminescence v1.03E.exe.WebView2\EBWebView\Default
2026-08-05 15:19:20.026: [INFO] Profiles total count: 1
2026-08-05 15:19:20.028: [INFO] Profile: name=Profil 1 path=C:\Users\seif9\source\repos\Luminescence v1.03E\Luminescence v1.03E\bin\x64\Debug\Luminescence v1.03E.exe.WebView2\EBWebView\Default lastActive=2026-08-05T15:17:44.557Z
2026-08-05 15:19:20.028: [INFO] LastUsedProfileDir: C:\Users\seif9\source\repos\Luminescence v1.03E\Luminescence v1.03E\bin\x64\Debug\Luminescence v1.03E.exe.WebView2\EBWebView\Default
2026-08-05 15:19:20.028: [INFO] MostRecentlyActiveProfile: name=Profil 1 path=C:\Users\seif9\source\repos\Luminescence v1.03E\Luminescence v1.03E\bin\x64\Debug\Luminescence v1.03E.exe.WebView2\EBWebView\Default lastActive=2026-08-05T15:17:44.557Z
2026-08-05 15:19:20.028: [INFO] OnDoneLoading sync enabled: 0
2026-08-05 15:19:20.028: [INFO] BookmarkModelLoaded, ids_reassigned: 0
2026-08-05 15:19:20.028: [INFO] BookmarksLoadDropped droppedNodes=0
2026-08-05 15:19:20.028: [INFO] BookmarksSnapshot Startup total=0 bar=0 other=0 mobile=0 showBar=0 showBarNTP=1
2026-08-05 15:19:23.311: [INFO] BookmarksSnapshot Shutdown total=0 bar=0 other=0 mobile=0 showBar=0 showBarNTP=1
2026-08-05 15:23:03.671: [INFO] CurrentProfilePath: C:\Users\seif9\source\repos\Luminescence v1.03E\Luminescence v1.03E\bin\x64\Debug\Luminescence v1.03E.exe.WebView2\EBWebView\Default
2026-08-05 15:23:03.671: [INFO] Profiles total count: 1
2026-08-05 15:23:03.673: [INFO] Profile: name=Profil 1 path=C:\Users\seif9\source\repos\Luminescence v1.03E\Luminescence v1.03E\bin\x64\Debug\Luminescence v1.03E.exe.WebView2\EBWebView\Default lastActive=2026-08-05T15:17:44.557Z
2026-08-05 15:23:03.673: [INFO] LastUsedProfileDir: C:\Users\seif9\source\repos\Luminescence v1.03E\Luminescence v1.03E\bin\x64\Debug\Luminescence v1.03E.exe.WebView2\EBWebView\Default
2026-08-05 15:23:03.673: [INFO] MostRecentlyActiveProfile: name=Profil 1 path=C:\Users\seif9\source\repos\Luminescence v1.03E\Luminescence v1.03E\bin\x64\Debug\Luminescence v1.03E.exe.WebView2\EBWebView\Default lastActive=2026-08-05T15:17:44.557Z
2026-08-05 15:23:03.673: [INFO] OnDoneLoading sync enabled: 0
2026-08-05 15:23:03.673: [INFO] BookmarkModelLoaded, ids_reassigned: 0
2026-08-05 15:23:03.673: [INFO] BookmarksLoadDropped droppedNodes=0
2026-08-05 15:23:03.673: [INFO] BookmarksSnapshot Startup total=0 bar=0 other=0 mobile=0 showBar=0 showBarNTP=1
2026-08-05 15:26:22.622: [INFO] BookmarksSnapshot Shutdown total=0 bar=0 other=0 mobile=0 showBar=0 showBarNTP=1
2026-08-05 15:26:27.396: [INFO] CurrentProfilePath: C:\Users\seif9\source\repos\Luminescence v1.03E\Luminescence v1.03E\bin\x64\Debug\Luminescence v1.03E.exe.WebView2\EBWebView\Default
2026-08-05 15:26:27.396: [INFO] Profiles total count: 1
2026-08-05 15:26:27.396: [INFO] Profile: name=Profil 1 path=C:\Users\seif9\source\repos\Luminescence v1.03E\Luminescence v1.03E\bin\x64\Debug\Luminescence v1.03E.exe.WebView2\EBWebView\Default lastActive=2026-08-05T15:26:21.090Z
2026-08-05 15:26:27.396: [INFO] LastUsedProfileDir: C:\Users\seif9\source\repos\Luminescence v1.03E\Luminescence v1.03E\bin\x64\Debug\Luminescence v1.03E.exe.WebView2\EBWebView\Default
2026-08-05 15:26:27.396: [INFO] MostRecentlyActiveProfile: name=Profil 1 path=C:\Users\seif9\source\repos\Luminescence v1.03E\Luminescence v1.03E\bin\x64\Debug\Luminescence v1.03E.exe.WebView2\EBWebView\Default lastActive=2026-08-05T15:26:21.090Z
2026-08-05 15:26:27.396: [INFO] OnDoneLoading sync enabled: 0
2026-08-05 15:26:27.396: [INFO] BookmarkModelLoaded, ids_reassigned: 0
2026-08-05 15:26:27.396: [INFO] BookmarksLoadDropped droppedNodes=0
2026-08-05 15:26:27.396: [INFO] BookmarksSnapshot Startup total=0 bar=0 other=0 mobile=0 showBar=0 showBarNTP=1
2026-08-05 15:28:00.878: [INFO] BookmarksSnapshot Shutdown total=0 bar=0 other=0 mobile=0 showBar=0 showBarNTP=1
2026-08-05 15:28:49.380: [INFO] CurrentProfilePath: C:\Users\seif9\source\repos\Luminescence v1.03E\Luminescence v1.03E\bin\x64\Debug\Luminescence v1.03E.exe.WebView2\EBWebView\Default
2026-08-05 15:28:49.380: [INFO] Profiles total count: 1
2026-08-05 15:28:49.380: [INFO] Profile: name=Profil 1 path=C:\Users\seif9\source\repos\Luminescence v1.03E\Luminescence v1.03E\bin\x64\Debug\Luminescence v1.03E.exe.WebView2\EBWebView\Default lastActive=2026-08-05T15:27:05.693Z
2026-08-05 15:28:49.380: [INFO] LastUsedProfileDir: C:\Users\seif9\source\repos\Luminescence v1.03E\Luminescence v1.03E\bin\x64\Debug\Luminescence v1.03E.exe.WebView2\EBWebView\Default
2026-08-05 15:28:49.380: [INFO] MostRecentlyActiveProfile: name=Profil 1 path=C:\Users\seif9\source\repos\Luminescence v1.03E\Luminescence v1.03E\bin\x64\Debug\Luminescence v1.03E.exe.WebView2\EBWebView\Default lastActive=2026-08-05T15:27:05.693Z
2026-08-05 15:28:49.380: [INFO] OnDoneLoading sync enabled: 0
2026-08-05 15:28:49.380: [INFO] BookmarkModelLoaded, ids_reassigned: 0
2026-08-05 15:28:49.380: [INFO] BookmarksLoadDropped droppedNodes=0
2026-08-05 15:28:49.380: [INFO] BookmarksSnapshot Startup total=0 bar=0 other=0 mobile=0 showBar=0 showBarNTP=1
2026-08-05 15:30:01.324: [INFO] BookmarksSnapshot Shutdown total=0 bar=0 other=0 mobile=0 showBar=0 showBarNTP=1
2026-08-05 15:30:37.264: [INFO] CurrentProfilePath: C:\Users\seif9\source\repos\Luminescence v1.03E\Luminescence v1.03E\bin\x64\Debug\Luminescence v1.03E.exe.WebView2\EBWebView\Default
2026-08-05 15:30:37.264: [INFO] Profiles total count: 1
2026-08-05 15:30:37.264: [INFO] Profile: name=Profil 1 path=C:\Users\seif9\source\repos\Luminescence v1.03E\Luminescence v1.03E\bin\x64\Debug\Luminescence v1.03E.exe.WebView2\EBWebView\Default lastActive=2026-08-05T15:27:05.693Z
2026-08-05 15:30:37.264: [INFO] LastUsedProfileDir: C:\Users\seif9\source\repos\Luminescence v1.03E\Luminescence v1.03E\bin\x64\Debug\Luminescence v1.03E.exe.WebView2\EBWebView\Default
2026-08-05 15:30:37.264: [INFO] MostRecentlyActiveProfile: name=Profil 1 path=C:\Users\seif9\source\repos\Luminescence v1.03E\Luminescence v1.03E\bin\x64\Debug\Luminescence v1.03E.exe.WebView2\EBWebView\Default lastActive=2026-08-05T15:27:05.693Z
2026-08-05 15:30:37.264: [INFO] OnDoneLoading sync enabled: 0
2026-08-05 15:30:37.264: [INFO] BookmarkModelLoaded, ids_reassigned: 0
2026-08-05 15:30:37.264: [INFO] BookmarksLoadDropped droppedNodes=0
2026-08-05 15:30:37.264: [INFO] BookmarksSnapshot Startup total=0 bar=0 other=0 mobile=0 showBar=0 showBarNTP=1
2026-08-05 15:30:47.000: [INFO] BookmarksSnapshot Shutdown total=0 bar=0 other=0 mobile=0 showBar=0 showBarNTP=1
2026-08-05 15:34:52.114: [INFO] CurrentProfilePath: C:\Users\seif9\source\repos\Luminescence v1.03E\Luminescence v1.03E\bin\x64\Debug\Luminescence v1.03E.exe.WebView2\EBWebView\Default
2026-08-05 15:34:52.114: [INFO] Profiles total count: 1
2026-08-05 15:34:52.115: [INFO] Profile: name=Profil 1 path=C:\Users\seif9\source\repos\Luminescence v1.03E\Luminescence v1.03E\bin\x64\Debug\Luminescence v1.03E.exe.WebView2\EBWebView\Default lastActive=2026-08-05T15:30:40.248Z
2026-08-05 15:34:52.115: [INFO] LastUsedProfileDir: C:\Users\seif9\source\repos\Luminescence v1.03E\Luminescence v1.03E\bin\x64\Debug\Luminescence v1.03E.exe.WebView2\EBWebView\Default
2026-08-05 15:34:52.115: [INFO] MostRecentlyActiveProfile: name=Profil 1 path=C:\Users\seif9\source\repos\Luminescence v1.03E\Luminescence v1.03E\bin\x64\Debug\Luminescence v1.03E.exe.WebView2\EBWebView\Default lastActive=2026-08-05T15:30:40.248Z
2026-08-05 15:34:52.115: [INFO] OnDoneLoading sync enabled: 0
2026-08-05 15:34:52.115: [INFO] BookmarkModelLoaded, ids_reassigned: 0
2026-08-05 15:34:52.115: [INFO] BookmarksLoadDropped droppedNodes=0
2026-08-05 15:34:52.115: [INFO] BookmarksSnapshot Startup total=0 bar=0 other=0 mobile=0 showBar=0 showBarNTP=1
2026-08-05 15:36:39.976: [INFO] BookmarksSnapshot Shutdown total=0 bar=0 other=0 mobile=0 showBar=0 showBarNTP=1
2026-08-05 15:36:45.223: [INFO] CurrentProfilePath: C:\Users\seif9\source\repos\Luminescence v1.03E\Luminescence v1.03E\bin\x64\Debug\Luminescence v1.03E.exe.WebView2\EBWebView\Default
2026-08-05 15:36:45.223: [INFO] Profiles total count: 1
2026-08-05 15:36:45.224: [INFO] Profile: name=Profil 1 path=C:\Users\seif9\source\repos\Luminescence v1.03E\Luminescence v1.03E\bin\x64\Debug\Luminescence v1.03E.exe.WebView2\EBWebView\Default lastActive=2026-08-05T15:30:40.248Z
2026-08-05 15:36:45.224: [INFO] LastUsedProfileDir: C:\Users\seif9\source\repos\Luminescence v1.03E\Luminescence v1.03E\bin\x64\Debug\Luminescence v1.03E.exe.WebView2\EBWebView\Default
2026-08-05 15:36:45.224: [INFO] MostRecentlyActiveProfile: name=Profil 1 path=C:\Users\seif9\source\repos\Luminescence v1.03E\Luminescence v1.03E\bin\x64\Debug\Luminescence v1.03E.exe.WebView2\EBWebView\Default lastActive=2026-08-05T15:30:40.248Z
2026-08-05 15:36:45.224: [INFO] OnDoneLoading sync enabled: 0
2026-08-05 15:36:45.224: [INFO] BookmarkModelLoaded, ids_reassigned: 0
2026-08-05 15:36:45.224: [INFO] BookmarksLoadDropped droppedNodes=0
2026-08-05 15:36:45.224: [INFO] BookmarksSnapshot Startup total=0 bar=0 other=0 mobile=0 showBar=0 showBarNTP=1
2026-08-05 15:42:07.617: [INFO] BookmarksSnapshot Shutdown total=0 bar=0 other=0 mobile=0 showBar=0 showBarNTP=1
2026-08-05 15:46:31.194: [INFO] CurrentProfilePath: C:\Users\seif9\source\repos\Luminescence v1.03E\Luminescence v1.03E\bin\x64\Debug\Luminescence v1.03E.exe.WebView2\EBWebView\Default
2026-08-05 15:46:31.194: [INFO] Profiles total count: 1
2026-08-05 15:46:31.195: [INFO] Profile: name=Profil 1 path=C:\Users\seif9\source\repos\Luminescence v1.03E\Luminescence v1.03E\bin\x64\Debug\Luminescence v1.03E.exe.WebView2\EBWebView\Default lastActive=2026-08-05T15:30:40.248Z
2026-08-05 15:46:31.195: [INFO] LastUsedProfileDir: C:\Users\seif9\source\repos\Luminescence v1.03E\Luminescence v1.03E\bin\x64\Debug\Luminescence v1.03E.exe.WebView2\EBWebView\Default
2026-08-05 15:46:31.195: [INFO] MostRecentlyActiveProfile: name=Profil 1 path=C:\Users\seif9\source\repos\Luminescence v1.03E\Luminescence v1.03E\bin\x64\Debug\Luminescence v1.03E.exe.WebView2\EBWebView\Default lastActive=2026-08-05T15:30:40.248Z
2026-08-05 15:46:31.195: [INFO] OnDoneLoading sync enabled: 0
2026-08-05 15:46:31.195: [INFO] BookmarkModelLoaded, ids_reassigned: 0
2026-08-05 15:46:31.195: [INFO] BookmarksLoadDropped droppedNodes=0
2026-08-05 15:46:31.195: [INFO] BookmarksSnapshot Startup total=0 bar=0 other=0 mobile=0 showBar=0 showBarNTP=1
2026-08-05 15:49:19.864: [INFO] BookmarksSnapshot Shutdown total=0 bar=0 other=0 mobile=0 showBar=0 showBarNTP=1
2026-08-05 15:49:22.408: [INFO] CurrentProfilePath: C:\Users\seif9\source\repos\Luminescence v1.03E\Luminescence v1.03E\bin\x64\Debug\Luminescence v1.03E.exe.WebView2\EBWebView\Default
2026-08-05 15:49:22.408: [INFO] Profiles total count: 1
2026-08-05 15:49:22.408: [INFO] Profile: name=Profil 1 path=C:\Users\seif9\source\repos\Luminescence v1.03E\Luminescence v1.03E\bin\x64\Debug\Luminescence v1.03E.exe.WebView2\EBWebView\Default lastActive=2026-08-05T15:30:40.248Z
2026-08-05 15:49:22.408: [INFO] LastUsedProfileDir: C:\Users\seif9\source\repos\Luminescence v1.03E\Luminescence v1.03E\bin\x64\Debug\Luminescence v1.03E.exe.WebView2\EBWebView\Default
2026-08-05 15:49:22.408: [INFO] MostRecentlyActiveProfile: name=Profil 1 path=C:\Users\seif9\source\repos\Luminescence v1.03E\Luminescence v1.03E\bin\x64\Debug\Luminescence v1.03E.exe.WebView2\EBWebView\Default lastActive=2026-08-05T15:30:40.248Z
2026-08-05 15:49:22.408: [INFO] OnDoneLoading sync enabled: 0
2026-08-05 15:49:22.408: [INFO] BookmarkModelLoaded, ids_reassigned: 0
2026-08-05 15:49:22.408: [INFO] BookmarksLoadDropped droppedNodes=0
2026-08-05 15:49:22.408: [INFO] BookmarksSnapshot Startup total=0 bar=0 other=0 mobile=0 showBar=0 showBarNTP=1
2026-08-05 15:53:15.945: [INFO] BookmarksSnapshot Shutdown total=0 bar=0 other=0 mobile=0 showBar=0 showBarNTP=1
2026-08-05 15:53:21.447: [INFO] CurrentProfilePath: C:\Users\seif9\source\repos\Luminescence v1.03E\Luminescence v1.03E\bin\x64\Debug\Luminescence v1.03E.exe.WebView2\EBWebView\Default
2026-08-05 15:53:21.447: [INFO] Profiles total count: 1
2026-08-05 15:53:21.447: [INFO] Profile: name=Profil 1 path=C:\Users\seif9\source\repos\Luminescence v1.03E\Luminescence v1.03E\bin\x64\Debug\Luminescence v1.03E.exe.WebView2\EBWebView\Default lastActive=2026-08-05T15:51:41.978Z
2026-08-05 15:53:21.447: [INFO] LastUsedProfileDir: C:\Users\seif9\source\repos\Luminescence v1.03E\Luminescence v1.03E\bin\x64\Debug\Luminescence v1.03E.exe.WebView2\EBWebView\Default
2026-08-05 15:53:21.447: [INFO] MostRecentlyActiveProfile: name=Profil 1 path=C:\Users\seif9\source\repos\Luminescence v1.03E\Luminescence v1.03E\bin\x64\Debug\Luminescence v1.03E.exe.WebView2\EBWebView\Default lastActive=2026-08-05T15:51:41.978Z
2026-08-05 15:53:21.447: [INFO] OnDoneLoading sync enabled: 0
2026-08-05 15:53:21.447: [INFO] BookmarkModelLoaded, ids_reassigned: 0
2026-08-05 15:53:21.447: [INFO] BookmarksLoadDropped droppedNodes=0
2026-08-05 15:53:21.447: [INFO] BookmarksSnapshot Startup total=0 bar=0 other=0 mobile=0 showBar=0 showBarNTP=1
2026-08-05 16:01:57.697: [INFO] BookmarksSnapshot Shutdown total=0 bar=0 other=0 mobile=0 showBar=0 showBarNTP=1
2026-08-05 16:02:03.101: [INFO] CurrentProfilePath: C:\Users\seif9\source\repos\Luminescence v1.03E\Luminescence v1.03E\bin\x64\Debug\Luminescence v1.03E.exe.WebView2\EBWebView\Default
2026-08-05 16:02:03.101: [INFO] Profiles total count: 1
2026-08-05 16:02:03.101: [INFO] Profile: name=Profil 1 path=C:\Users\seif9\source\repos\Luminescence v1.03E\Luminescence v1.03E\bin\x64\Debug\Luminescence v1.03E.exe.WebView2\EBWebView\Default lastActive=2026-08-05T15:53:28.422Z
2026-08-05 16:02:03.101: [INFO] LastUsedProfileDir: C:\Users\seif9\source\repos\Luminescence v1.03E\Luminescence v1.03E\bin\x64\Debug\Luminescence v1.03E.exe.WebView2\EBWebView\Default
2026-08-05 16:02:03.101: [INFO] MostRecentlyActiveProfile: name=Profil 1 path=C:\Users\seif9\source\repos\Luminescence v1.03E\Luminescence v1.03E\bin\x64\Debug\Luminescence v1.03E.exe.WebView2\EBWebView\Default lastActive=2026-08-05T15:53:28.422Z
2026-08-05 16:02:03.101: [INFO] OnDoneLoading sync enabled: 0
2026-08-05 16:02:03.101: [INFO] BookmarkModelLoaded, ids_reassigned: 0
2026-08-05 16:02:03.101: [INFO] BookmarksLoadDropped droppedNodes=0
2026-08-05 16:02:03.101: [INFO] BookmarksSnapshot Startup total=0 bar=0 other=0 mobile=0 showBar=0 showBarNTP=1
2026-08-05 16:04:35.956: [INFO] BookmarksSnapshot Shutdown total=0 bar=0 other=0 mobile=0 showBar=0 showBarNTP=1
2026-08-05 16:04:40.810: [INFO] CurrentProfilePath: C:\Users\seif9\source\repos\Luminescence v1.03E\Luminescence v1.03E\bin\x64\Debug\Luminescence v1.03E.exe.WebView2\EBWebView\Default
2026-08-05 16:04:40.810: [INFO] Profiles total count: 1
2026-08-05 16:04:40.811: [INFO] Profile: name=Profil 1 path=C:\Users\seif9\source\repos\Luminescence v1.03E\Luminescence v1.03E\bin\x64\Debug\Luminescence v1.03E.exe.WebView2\EBWebView\Default lastActive=2026-08-05T15:53:28.422Z
2026-08-05 16:04:40.811: [INFO] LastUsedProfileDir: C:\Users\seif9\source\repos\Luminescence v1.03E\Luminescence v1.03E\bin\x64\Debug\Luminescence v1.03E.exe.WebView2\EBWebView\Default
2026-08-05 16:04:40.811: [INFO] MostRecentlyActiveProfile: name=Profil 1 path=C:\Users\seif9\source\repos\Luminescence v1.03E\Luminescence v1.03E\bin\x64\Debug\Luminescence v1.03E.exe.WebView2\EBWebView\Default lastActive=2026-08-05T15:53:28.422Z
2026-08-05 16:04:40.811: [INFO] OnDoneLoading sync enabled: 0
2026-08-05 16:04:40.811: [INFO] BookmarkModelLoaded, ids_reassigned: 0
2026-08-05 16:04:40.811: [INFO] BookmarksLoadDropped droppedNodes=0
2026-08-05 16:04:40.811: [INFO] BookmarksSnapshot Startup total=0 bar=0 other=0 mobile=0 showBar=0 showBarNTP=1
2026-08-05 16:06:06.488: [INFO] BookmarksSnapshot Shutdown total=0 bar=0 other=0 mobile=0 showBar=0 showBarNTP=1
2026-08-05 16:06:09.117: [INFO] CurrentProfilePath: C:\Users\seif9\source\repos\Luminescence v1.03E\Luminescence v1.03E\bin\x64\Debug\Luminescence v1.03E.exe.WebView2\EBWebView\Default
2026-08-05 16:06:09.117: [INFO] Profiles total count: 1
2026-08-05 16:06:09.117: [INFO] Profile: name=Profil 1 path=C:\Users\seif9\source\repos\Luminescence v1.03E\Luminescence v1.03E\bin\x64\Debug\Luminescence v1.03E.exe.WebView2\EBWebView\Default lastActive=2026-08-05T15:53:28.422Z
2026-08-05 16:06:09.117: [INFO] LastUsedProfileDir: C:\Users\seif9\source\repos\Luminescence v1.03E\Luminescence v1.03E\bin\x64\Debug\Luminescence v1.03E.exe.WebView2\EBWebView\Default
2026-08-05 16:06:09.117: [INFO] MostRecentlyActiveProfile: name=Profil 1 path=C:\Users\seif9\source\repos\Luminescence v1.03E\Luminescence v1.03E\bin\x64\Debug\Luminescence v1.03E.exe.WebView2\EBWebView\Default lastActive=2026-08-05T15:53:28.422Z
2026-08-05 16:06:09.117: [INFO] OnDoneLoading sync enabled: 0
2026-08-05 16:06:09.117: [INFO] BookmarkModelLoaded, ids_reassigned: 0
2026-08-05 16:06:09.117: [INFO] BookmarksLoadDropped droppedNodes=0
2026-08-05 16:06:09.117: [INFO] BookmarksSnapshot Startup total=0 bar=0 other=0 mobile=0 showBar=0 showBarNTP=1
2026-08-05 16:07:04.379: [INFO] BookmarksSnapshot Shutdown total=0 bar=0 other=0 mobile=0 showBar=0 showBarNTP=1
2026-08-05 16:07:16.774: [INFO] CurrentProfilePath: C:\Users\seif9\source\repos\Luminescence v1.03E\Luminescence v1.03E\bin\x64\Debug\Luminescence v1.03E.exe.WebView2\EBWebView\Default
2026-08-05 16:07:16.774: [INFO] Profiles total count: 1
2026-08-05 16:07:16.775: [INFO] Profile: name=Profil 1 path=C:\Users\seif9\source\repos\Luminescence v1.03E\Luminescence v1.03E\bin\x64\Debug\Luminescence v1.03E.exe.WebView2\EBWebView\Default lastActive=2026-08-05T16:06:26.811Z
2026-08-05 16:07:16.775: [INFO] LastUsedProfileDir: C:\Users\seif9\source\repos\Luminescence v1.03E\Luminescence v1.03E\bin\x64\Debug\Luminescence v1.03E.exe.WebView2\EBWebView\Default
2026-08-05 16:07:16.775: [INFO] MostRecentlyActiveProfile: name=Profil 1 path=C:\Users\seif9\source\repos\Luminescence v1.03E\Luminescence v1.03E\bin\x64\Debug\Luminescence v1.03E.exe.WebView2\EBWebView\Default lastActive=2026-08-05T16:06:26.811Z
2026-08-05 16:07:16.775: [INFO] OnDoneLoading sync enabled: 0
2026-08-05 16:07:16.775: [INFO] BookmarkModelLoaded, ids_reassigned: 0
2026-08-05 16:07:16.775: [INFO] BookmarksLoadDropped droppedNodes=0
2026-08-05 16:07:16.775: [INFO] BookmarksSnapshot Startup total=0 bar=0 other=0 mobile=0 showBar=0 showBarNTP=1
2026-08-05 16:08:19.925: [INFO] BookmarksSnapshot Shutdown total=0 bar=0 other=0 mobile=0 showBar=0 showBarNTP=1
2026-08-05 16:08:30.060: [INFO] CurrentProfilePath: C:\Users\seif9\source\repos\Luminescence v1.03E\Luminescence v1.03E\bin\x64\Debug\Luminescence v1.03E.exe.WebView2\EBWebView\Default
2026-08-05 16:08:30.060: [INFO] Profiles total count: 1
2026-08-05 16:08:30.061: [INFO] Profile: name=Profil 1 path=C:\Users\seif9\source\repos\Luminescence v1.03E\Luminescence v1.03E\bin\x64\Debug\Luminescence v1.03E.exe.WebView2\EBWebView\Default lastActive=2026-08-05T16:06:26.811Z
2026-08-05 16:08:30.061: [INFO] LastUsedProfileDir: C:\Users\seif9\source\repos\Luminescence v1.03E\Luminescence v1.03E\bin\x64\Debug\Luminescence v1.03E.exe.WebView2\EBWebView\Default
2026-08-05 16:08:30.061: [INFO] MostRecentlyActiveProfile: name=Profil 1 path=C:\Users\seif9\source\repos\Luminescence v1.03E\Luminescence v1.03E\bin\x64\Debug\Luminescence v1.03E.exe.WebView2\EBWebView\Default lastActive=2026-08-05T16:06:26.811Z
2026-08-05 16:08:30.061: [INFO] OnDoneLoading sync enabled: 0
2026-08-05 16:08:30.061: [INFO] BookmarkModelLoaded, ids_reassigned: 0
2026-08-05 16:08:30.061: [INFO] BookmarksLoadDropped droppedNodes=0
2026-08-05 16:08:30.061: [INFO] BookmarksSnapshot Startup total=0 bar=0 other=0 mobile=0 showBar=0 showBarNTP=1
2026-08-05 16:09:01.928: [INFO] BookmarksSnapshot Shutdown total=0 bar=0 other=0 mobile=0 showBar=0 showBarNTP=1
2026-08-05 16:09:38.225: [INFO] CurrentProfilePath: C:\Users\seif9\source\repos\Luminescence v1.03E\Luminescence v1.03E\bin\x64\Debug\Luminescence v1.03E.exe.WebView2\EBWebView\Default
2026-08-05 16:09:38.225: [INFO] Profiles total count: 1
2026-08-05 16:09:38.226: [INFO] Profile: name=Profil 1 path=C:\Users\seif9\source\repos\Luminescence v1.03E\Luminescence v1.03E\bin\x64\Debug\Luminescence v1.03E.exe.WebView2\EBWebView\Default lastActive=2026-08-05T16:06:26.811Z
2026-08-05 16:09:38.226: [INFO] LastUsedProfileDir: C:\Users\seif9\source\repos\Luminescence v1.03E\Luminescence v1.03E\bin\x64\Debug\Luminescence v1.03E.exe.WebView2\EBWebView\Default
2026-08-05 16:09:38.226: [INFO] MostRecentlyActiveProfile: name=Profil 1 path=C:\Users\seif9\source\repos\Luminescence v1.03E\Luminescence v1.03E\bin\x64\Debug\Luminescence v1.03E.exe.WebView2\EBWebView\Default lastActive=2026-08-05T16:06:26.811Z
2026-08-05 16:09:38.226: [INFO] OnDoneLoading sync enabled: 0
2026-08-05 16:09:38.226: [INFO] BookmarkModelLoaded, ids_reassigned: 0
2026-08-05 16:09:38.226: [INFO] BookmarksLoadDropped droppedNodes=0
2026-08-05 16:09:38.226: [INFO] BookmarksSnapshot Startup total=0 bar=0 other=0 mobile=0 showBar=0 showBarNTP=1
2026-08-05 16:14:00.662: [INFO] BookmarksSnapshot Shutdown total=0 bar=0 other=0 mobile=0 showBar=0 showBarNTP=1
2026-08-05 16:14:04.528: [INFO] CurrentProfilePath: C:\Users\seif9\source\repos\Luminescence v1.03E\Luminescence v1.03E\bin\x64\Debug\Luminescence v1.03E.exe.WebView2\EBWebView\Default
2026-08-05 16:14:04.528: [INFO] Profiles total count: 1
2026-08-05 16:14:04.529: [INFO] Profile: name=Profil 1 path=C:\Users\seif9\source\repos\Luminescence v1.03E\Luminescence v1.03E\bin\x64\Debug\Luminescence v1.03E.exe.WebView2\EBWebView\Default lastActive=2026-08-05T16:11:36.377Z
2026-08-05 16:14:04.529: [INFO] LastUsedProfileDir: C:\Users\seif9\source\repos\Luminescence v1.03E\Luminescence v1.03E\bin\x64\Debug\Luminescence v1.03E.exe.WebView2\EBWebView\Default
2026-08-05 16:14:04.529: [INFO] MostRecentlyActiveProfile: name=Profil 1 path=C:\Users\seif9\source\repos\Luminescence v1.03E\Luminescence v1.03E\bin\x64\Debug\Luminescence v1.03E.exe.WebView2\EBWebView\Default lastActive=2026-08-05T16:11:36.377Z
2026-08-05 16:14:04.529: [INFO] OnDoneLoading sync enabled: 0
2026-08-05 16:14:04.529: [INFO] BookmarkModelLoaded, ids_reassigned: 0
2026-08-05 16:14:04.529: [INFO] BookmarksLoadDropped droppedNodes=0
2026-08-05 16:14:04.529: [INFO] BookmarksSnapshot Startup total=0 bar=0 other=0 mobile=0 showBar=0 showBarNTP=1
2026-08-05 16:16:41.923: [INFO] BookmarksSnapshot Shutdown total=0 bar=0 other=0 mobile=0 showBar=0 showBarNTP=1
2026-08-05 16:25:04.064: [INFO] CurrentProfilePath: C:\Users\seif9\source\repos\Luminescence v1.03E\Luminescence v1.03E\bin\x64\Debug\Luminescence v1.03E.exe.WebView2\EBWebView\Default
2026-08-05 16:25:04.064: [INFO] Profiles total count: 1
2026-08-05 16:25:04.066: [INFO] Profile: name=Profil 1 path=C:\Users\seif9\source\repos\Luminescence v1.03E\Luminescence v1.03E\bin\x64\Debug\Luminescence v1.03E.exe.WebView2\EBWebView\Default lastActive=2026-08-05T16:14:05.826Z
2026-08-05 16:25:04.066: [INFO] LastUsedProfileDir: C:\Users\seif9\source\repos\Luminescence v1.03E\Luminescence v1.03E\bin\x64\Debug\Luminescence v1.03E.exe.WebView2\EBWebView\Default
2026-08-05 16:25:04.066: [INFO] MostRecentlyActiveProfile: name=Profil 1 path=C:\Users\seif9\source\repos\Luminescence v1.03E\Luminescence v1.03E\bin\x64\Debug\Luminescence v1.03E.exe.WebView2\EBWebView\Default lastActive=2026-08-05T16:14:05.826Z
2026-08-05 16:25:04.066: [INFO] OnDoneLoading sync enabled: 0
2026-08-05 16:25:04.066: [INFO] BookmarkModelLoaded, ids_reassigned: 0
2026-08-05 16:25:04.066: [INFO] BookmarksLoadDropped droppedNodes=0
2026-08-05 16:25:04.066: [INFO] BookmarksSnapshot Startup total=0 bar=0 other=0 mobile=0 showBar=0 showBarNTP=1
2026-08-05 16:25:10.805: [INFO] BookmarksSnapshot Shutdown total=0 bar=0 other=0 mobile=0 showBar=0 showBarNTP=1
2026-08-05 16:27:00.465: [INFO] CurrentProfilePath: C:\Users\seif9\source\repos\Luminescence v1.03E\Luminescence v1.03E\bin\x64\Debug\Luminescence v1.03E.exe.WebView2\EBWebView\Default
2026-08-05 16:27:00.465: [INFO] Profiles total count: 1
2026-08-05 16:27:00.465: [INFO] Profile: name=Profil 1 path=C:\Users\seif9\source\repos\Luminescence v1.03E\Luminescence v1.03E\bin\x64\Debug\Luminescence v1.03E.exe.WebView2\EBWebView\Default lastActive=2026-08-05T16:14:05.826Z
2026-08-05 16:27:00.465: [INFO] LastUsedProfileDir: C:\Users\seif9\source\repos\Luminescence v1.03E\Luminescence v1.03E\bin\x64\Debug\Luminescence v1.03E.exe.WebView2\EBWebView\Default
2026-08-05 16:27:00.465: [INFO] MostRecentlyActiveProfile: name=Profil 1 path=C:\Users\seif9\source\repos\Luminescence v1.03E\Luminescence v1.03E\bin\x64\Debug\Luminescence v1.03E.exe.WebView2\EBWebView\Default lastActive=2026-08-05T16:14:05.826Z
2026-08-05 16:27:00.465: [INFO] OnDoneLoading sync enabled: 0
2026-08-05 16:27:00.465: [INFO] BookmarkModelLoaded, ids_reassigned: 0
2026-08-05 16:27:00.465: [INFO] BookmarksLoadDropped droppedNodes=0
2026-08-05 16:27:00.465: [INFO] BookmarksSnapshot Startup total=0 bar=0 other=0 mobile=0 showBar=0 showBarNTP=1
2026-08-05 16:30:13.450: [INFO] BookmarksSnapshot Shutdown total=0 bar=0 other=0 mobile=0 showBar=0 showBarNTP=1
2026-08-05 16:30:20.617: [INFO] CurrentProfilePath: C:\Users\seif9\source\repos\Luminescence v1.03E\Luminescence v1.03E\bin\x64\Debug\Luminescence v1.03E.exe.WebView2\EBWebView\Default
2026-08-05 16:30:20.617: [INFO] Profiles total count: 1
2026-08-05 16:30:20.618: [INFO] Profile: name=Profil 1 path=C:\Users\seif9\source\repos\Luminescence v1.03E\Luminescence v1.03E\bin\x64\Debug\Luminescence v1.03E.exe.WebView2\EBWebView\Default lastActive=2026-08-05T16:14:05.826Z
2026-08-05 16:30:20.618: [INFO] LastUsedProfileDir: C:\Users\seif9\source\repos\Luminescence v1.03E\Luminescence v1.03E\bin\x64\Debug\Luminescence v1.03E.exe.WebView2\EBWebView\Default
2026-08-05 16:30:20.618: [INFO] MostRecentlyActiveProfile: name=Profil 1 path=C:\Users\seif9\source\repos\Luminescence v1.03E\Luminescence v1.03E\bin\x64\Debug\Luminescence v1.03E.exe.WebView2\EBWebView\Default lastActive=2026-08-05T16:14:05.826Z
2026-08-05 16:30:20.618: [INFO] OnDoneLoading sync enabled: 0
2026-08-05 16:30:20.618: [INFO] BookmarkModelLoaded, ids_reassigned: 0
2026-08-05 16:30:20.618: [INFO] BookmarksLoadDropped droppedNodes=0
2026-08-05 16:30:20.618: [INFO] BookmarksSnapshot Startup total=0 bar=0 other=0 mobile=0 showBar=0 showBarNTP=1
2026-08-05 16:31:33.979: [INFO] BookmarksSnapshot Shutdown total=0 bar=0 other=0 mobile=0 showBar=0 showBarNTP=1
2026-08-05 16:31:38.528: [INFO] CurrentProfilePath: C:\Users\seif9\source\repos\Luminescence v1.03E\Luminescence v1.03E\bin\x64\Debug\Luminescence v1.03E.exe.WebView2\EBWebView\Default
2026-08-05 16:31:38.528: [INFO] Profiles total count: 1
2026-08-05 16:31:38.529: [INFO] Profile: name=Profil 1 path=C:\Users\seif9\source\repos\Luminescence v1.03E\Luminescence v1.03E\bin\x64\Debug\Luminescence v1.03E.exe.WebView2\EBWebView\Default lastActive=2026-08-05T16:14:05.826Z
2026-08-05 16:31:38.529: [INFO] LastUsedProfileDir: C:\Users\seif9\source\repos\Luminescence v1.03E\Luminescence v1.03E\bin\x64\Debug\Luminescence v1.03E.exe.WebView2\EBWebView\Default
2026-08-05 16:31:38.529: [INFO] MostRecentlyActiveProfile: name=Profil 1 path=C:\Users\seif9\source\repos\Luminescence v1.03E\Luminescence v1.03E\bin\x64\Debug\Luminescence v1.03E.exe.WebView2\EBWebView\Default lastActive=2026-08-05T16:14:05.826Z
2026-08-05 16:31:38.529: [INFO] OnDoneLoading sync enabled: 0
2026-08-05 16:31:38.529: [INFO] BookmarkModelLoaded, ids_reassigned: 0
2026-08-05 16:31:38.529: [INFO] BookmarksLoadDropped droppedNodes=0
2026-08-05 16:31:38.529: [INFO] BookmarksSnapshot Startup total=0 bar=0 other=0 mobile=0 showBar=0 showBarNTP=1
2026-08-05 16:34:18.256: [INFO] BookmarksSnapshot Shutdown total=0 bar=0 other=0 mobile=0 showBar=0 showBarNTP=1
2026-08-05 16:34:29.709: [INFO] CurrentProfilePath: C:\Users\seif9\source\repos\Luminescence v1.03E\Luminescence v1.03E\bin\x64\Debug\Luminescence v1.03E.exe.WebView2\EBWebView\Default
2026-08-05 16:34:29.709: [INFO] Profiles total count: 1
2026-08-05 16:34:29.709: [INFO] Profile: name=Profil 1 path=C:\Users\seif9\source\repos\Luminescence v1.03E\Luminescence v1.03E\bin\x64\Debug\Luminescence v1.03E.exe.WebView2\EBWebView\Default lastActive=2026-08-05T16:14:05.826Z
2026-08-05 16:34:29.709: [INFO] LastUsedProfileDir: C:\Users\seif9\source\repos\Luminescence v1.03E\Luminescence v1.03E\bin\x64\Debug\Luminescence v1.03E.exe.WebView2\EBWebView\Default
2026-08-05 16:34:29.709: [INFO] MostRecentlyActiveProfile: name=Profil 1 path=C:\Users\seif9\source\repos\Luminescence v1.03E\Luminescence v1.03E\bin\x64\Debug\Luminescence v1.03E.exe.WebView2\EBWebView\Default lastActive=2026-08-05T16:14:05.826Z
2026-08-05 16:34:29.709: [INFO] OnDoneLoading sync enabled: 0
2026-08-05 16:34:29.709: [INFO] BookmarkModelLoaded, ids_reassigned: 0
2026-08-05 16:34:29.709: [INFO] BookmarksLoadDropped droppedNodes=0
2026-08-05 16:34:29.709: [INFO] BookmarksSnapshot Startup total=0 bar=0 other=0 mobile=0 showBar=0 showBarNTP=1
2026-08-05 16:34:59.755: [INFO] BookmarksSnapshot Shutdown total=0 bar=0 other=0 mobile=0 showBar=0 showBarNTP=1
2026-08-05 16:35:06.670: [INFO] CurrentProfilePath: C:\Users\seif9\source\repos\Luminescence v1.03E\Luminescence v1.03E\bin\x64\Debug\Luminescence v1.03E.exe.WebView2\EBWebView\Default
2026-08-05 16:35:06.670: [INFO] Profiles total count: 1
2026-08-05 16:35:06.671: [INFO] Profile: name=Profil 1 path=C:\Users\seif9\source\repos\Luminescence v1.03E\Luminescence v1.03E\bin\x64\Debug\Luminescence v1.03E.exe.WebView2\EBWebView\Default lastActive=2026-08-05T16:34:56.066Z
2026-08-05 16:35:06.671: [INFO] LastUsedProfileDir: C:\Users\seif9\source\repos\Luminescence v1.03E\Luminescence v1.03E\bin\x64\Debug\Luminescence v1.03E.exe.WebView2\EBWebView\Default
2026-08-05 16:35:06.671: [INFO] MostRecentlyActiveProfile: name=Profil 1 path=C:\Users\seif9\source\repos\Luminescence v1.03E\Luminescence v1.03E\bin\x64\Debug\Luminescence v1.03E.exe.WebView2\EBWebView\Default lastActive=2026-08-05T16:34:56.066Z
2026-08-05 16:35:06.671: [INFO] OnDoneLoading sync enabled: 0
2026-08-05 16:35:06.671: [INFO] BookmarkModelLoaded, ids_reassigned: 0
2026-08-05 16:35:06.671: [INFO] BookmarksLoadDropped droppedNodes=0
2026-08-05 16:35:06.671: [INFO] BookmarksSnapshot Startup total=0 bar=0 other=0 mobile=0 showBar=0 showBarNTP=1
2026-08-05 16:36:38.173: [INFO] BookmarksSnapshot Shutdown total=0 bar=0 other=0 mobile=0 showBar=0 showBarNTP=1
2026-08-05 16:38:08.682: [INFO] CurrentProfilePath: C:\Users\seif9\source\repos\Luminescence v1.03E\Luminescence v1.03E\bin\x64\Debug\Luminescence v1.03E.exe.WebView2\EBWebView\Default
2026-08-05 16:38:08.682: [INFO] Profiles total count: 1
2026-08-05 16:38:08.682: [INFO] Profile: name=Profil 1 path=C:\Users\seif9\source\repos\Luminescence v1.03E\Luminescence v1.03E\bin\x64\Debug\Luminescence v1.03E.exe.WebView2\EBWebView\Default lastActive=2026-08-05T16:35:36.312Z
2026-08-05 16:38:08.682: [INFO] LastUsedProfileDir: C:\Users\seif9\source\repos\Luminescence v1.03E\Luminescence v1.03E\bin\x64\Debug\Luminescence v1.03E.exe.WebView2\EBWebView\Default
2026-08-05 16:38:08.682: [INFO] MostRecentlyActiveProfile: name=Profil 1 path=C:\Users\seif9\source\repos\Luminescence v1.03E\Luminescence v1.03E\bin\x64\Debug\Luminescence v1.03E.exe.WebView2\EBWebView\Default lastActive=2026-08-05T16:35:36.312Z
2026-08-05 16:38:08.682: [INFO] OnDoneLoading sync enabled: 0
2026-08-05 16:38:08.682: [INFO] BookmarkModelLoaded, ids_reassigned: 0
2026-08-05 16:38:08.682: [INFO] BookmarksLoadDropped droppedNodes=0
2026-08-05 16:38:08.682: [INFO] BookmarksSnapshot Startup total=0 bar=0 other=0 mobile=0 showBar=0 showBarNTP=1
2026-08-05 16:43:31.182: [INFO] BookmarksSnapshot Shutdown total=0 bar=0 other=0 mobile=0 showBar=0 showBarNTP=1
2026-08-05 16:43:37.523: [INFO] CurrentProfilePath: C:\Users\seif9\source\repos\Luminescence v1.03E\Luminescence v1.03E\bin\x64\Debug\Luminescence v1.03E.exe.WebView2\EBWebView\Default
2026-08-05 16:43:37.523: [INFO] Profiles total count: 1
2026-08-05 16:43:37.605: [INFO] Profile: name=Profil 1 path=C:\Users\seif9\source\repos\Luminescence v1.03E\Luminescence v1.03E\bin\x64\Debug\Luminescence v1.03E.exe.WebView2\EBWebView\Default lastActive=2026-08-05T16:38:17.006Z
2026-08-05 16:43:37.605: [INFO] LastUsedProfileDir: C:\Users\seif9\source\repos\Luminescence v1.03E\Luminescence v1.03E\bin\x64\Debug\Luminescence v1.03E.exe.WebView2\EBWebView\Default
2026-08-05 16:43:37.605: [INFO] MostRecentlyActiveProfile: name=Profil 1 path=C:\Users\seif9\source\repos\Luminescence v1.03E\Luminescence v1.03E\bin\x64\Debug\Luminescence v1.03E.exe.WebView2\EBWebView\Default lastActive=2026-08-05T16:38:17.006Z
2026-08-05 16:43:37.605: [INFO] OnDoneLoading sync enabled: 0
2026-08-05 16:43:37.605: [INFO] BookmarkModelLoaded, ids_reassigned: 0
2026-08-05 16:43:37.605: [INFO] BookmarksLoadDropped droppedNodes=0
2026-08-05 16:43:37.605: [INFO] BookmarksSnapshot Startup total=0 bar=0 other=0 mobile=0 showBar=0 showBarNTP=1
2026-08-05 16:48:05.362: [INFO] BookmarksSnapshot Shutdown total=0 bar=0 other=0 mobile=0 showBar=0 showBarNTP=1
2026-08-05 16:48:08.768: [INFO] CurrentProfilePath: C:\Users\seif9\source\repos\Luminescence v1.03E\Luminescence v1.03E\bin\x64\Debug\Luminescence v1.03E.exe.WebView2\EBWebView\Default
2026-08-05 16:48:08.768: [INFO] Profiles total count: 1
2026-08-05 16:48:08.769: [INFO] Profile: name=Profil 1 path=C:\Users\seif9\source\repos\Luminescence v1.03E\Luminescence v1.03E\bin\x64\Debug\Luminescence v1.03E.exe.WebView2\EBWebView\Default lastActive=2026-08-05T16:46:21.085Z
2026-08-05 16:48:08.769: [INFO] LastUsedProfileDir: C:\Users\seif9\source\repos\Luminescence v1.03E\Luminescence v1.03E\bin\x64\Debug\Luminescence v1.03E.exe.WebView2\EBWebView\Default
2026-08-05 16:48:08.769: [INFO] MostRecentlyActiveProfile: name=Profil 1 path=C:\Users\seif9\source\repos\Luminescence v1.03E\Luminescence v1.03E\bin\x64\Debug\Luminescence v1.03E.exe.WebView2\EBWebView\Default lastActive=2026-08-05T16:46:21.085Z
2026-08-05 16:48:08.769: [INFO] OnDoneLoading sync enabled: 0
2026-08-05 16:48:08.769: [INFO] BookmarkModelLoaded, ids_reassigned: 0
2026-08-05 16:48:08.769: [INFO] BookmarksLoadDropped droppedNodes=0
2026-08-05 16:48:08.769: [INFO] BookmarksSnapshot Startup total=0 bar=0 other=0 mobile=0 showBar=0 showBarNTP=1
2026-08-05 16:49:21.638: [INFO] BookmarksSnapshot Shutdown total=0 bar=0 other=0 mobile=0 showBar=0 showBarNTP=1
2026-08-05 16:49:25.028: [INFO] CurrentProfilePath: C:\Users\seif9\source\repos\Luminescence v1.03E\Luminescence v1.03E\bin\x64\Debug\Luminescence v1.03E.exe.WebView2\EBWebView\Default
2026-08-05 16:49:25.028: [INFO] Profiles total count: 1
2026-08-05 16:49:25.028: [INFO] Profile: name=Profil 1 path=C:\Users\seif9\source\repos\Luminescence v1.03E\Luminescence v1.03E\bin\x64\Debug\Luminescence v1.03E.exe.WebView2\EBWebView\Default lastActive=2026-08-05T16:46:21.085Z
2026-08-05 16:49:25.028: [INFO] LastUsedProfileDir: C:\Users\seif9\source\repos\Luminescence v1.03E\Luminescence v1.03E\bin\x64\Debug\Luminescence v1.03E.exe.WebView2\EBWebView\Default
2026-08-05 16:49:25.028: [INFO] MostRecentlyActiveProfile: name=Profil 1 path=C:\Users\seif9\source\repos\Luminescence v1.03E\Luminescence v1.03E\bin\x64\Debug\Luminescence v1.03E.exe.WebView2\EBWebView\Default lastActive=2026-08-05T16:46:21.085Z
2026-08-05 16:49:25.028: [INFO] OnDoneLoading sync enabled: 0
2026-08-05 16:49:25.028: [INFO] BookmarkModelLoaded, ids_reassigned: 0
2026-08-05 16:49:25.028: [INFO] BookmarksLoadDropped droppedNodes=0
2026-08-05 16:49:25.028: [INFO] BookmarksSnapshot Startup total=0 bar=0 other=0 mobile=0 showBar=0 showBarNTP=1
2026-08-05 16:51:15.046: [INFO] BookmarksSnapshot Shutdown total=0 bar=0 other=0 mobile=0 showBar=0 showBarNTP=1
2026-08-05 16:51:21.273: [INFO] CurrentProfilePath: C:\Users\seif9\source\repos\Luminescence v1.03E\Luminescence v1.03E\bin\x64\Debug\Luminescence v1.03E.exe.WebView2\EBWebView\Default
2026-08-05 16:51:21.273: [INFO] Profiles total count: 1
2026-08-05 16:51:21.273: [INFO] Profile: name=Profil 1 path=C:\Users\seif9\source\repos\Luminescence v1.03E\Luminescence v1.03E\bin\x64\Debug\Luminescence v1.03E.exe.WebView2\EBWebView\Default lastActive=2026-08-05T16:50:26.847Z
2026-08-05 16:51:21.273: [INFO] LastUsedProfileDir: C:\Users\seif9\source\repos\Luminescence v1.03E\Luminescence v1.03E\bin\x64\Debug\Luminescence v1.03E.exe.WebView2\EBWebView\Default
2026-08-05 16:51:21.273: [INFO] MostRecentlyActiveProfile: name=Profil 1 path=C:\Users\seif9\source\repos\Luminescence v1.03E\Luminescence v1.03E\bin\x64\Debug\Luminescence v1.03E.exe.WebView2\EBWebView\Default lastActive=2026-08-05T16:50:26.847Z
2026-08-05 16:51:21.273: [INFO] OnDoneLoading sync enabled: 0
2026-08-05 16:51:21.273: [INFO] BookmarkModelLoaded, ids_reassigned: 0
2026-08-05 16:51:21.273: [INFO] BookmarksLoadDropped droppedNodes=0
2026-08-05 16:51:21.274: [INFO] BookmarksSnapshot Startup total=0 bar=0 other=0 mobile=0 showBar=0 showBarNTP=1
2026-08-05 16:51:24.873: [INFO] BookmarksSnapshot Shutdown total=0 bar=0 other=0 mobile=0 showBar=0 showBarNTP=1
2026-08-05 16:52:36.748: [INFO] CurrentProfilePath: C:\Users\seif9\source\repos\Luminescence v1.03E\Luminescence v1.03E\bin\x64\Debug\Luminescence v1.03E.exe.WebView2\EBWebView\Default
2026-08-05 16:52:36.748: [INFO] Profiles total count: 1
2026-08-05 16:52:36.749: [INFO] Profile: name=Profil 1 path=C:\Users\seif9\source\repos\Luminescence v1.03E\Luminescence v1.03E\bin\x64\Debug\Luminescence v1.03E.exe.WebView2\EBWebView\Default lastActive=2026-08-05T16:50:26.847Z
2026-08-05 16:52:36.749: [INFO] LastUsedProfileDir: C:\Users\seif9\source\repos\Luminescence v1.03E\Luminescence v1.03E\bin\x64\Debug\Luminescence v1.03E.exe.WebView2\EBWebView\Default
2026-08-05 16:52:36.749: [INFO] MostRecentlyActiveProfile: name=Profil 1 path=C:\Users\seif9\source\repos\Luminescence v1.03E\Luminescence v1.03E\bin\x64\Debug\Luminescence v1.03E.exe.WebView2\EBWebView\Default lastActive=2026-08-05T16:50:26.847Z
2026-08-05 16:52:36.749: [INFO] OnDoneLoading sync enabled: 0
2026-08-05 16:52:36.749: [INFO] BookmarkModelLoaded, ids_reassigned: 0
2026-08-05 16:52:36.749: [INFO] BookmarksLoadDropped droppedNodes=0
2026-08-05 16:52:36.749: [INFO] BookmarksSnapshot Startup total=0 bar=0 other=0 mobile=0 showBar=0 showBarNTP=1
2026-08-05 16:55:48.234: [INFO] BookmarksSnapshot Shutdown total=0 bar=0 other=0 mobile=0 showBar=0 showBarNTP=1
2026-08-05 17:05:46.303: [INFO] CurrentProfilePath: C:\Users\seif9\source\repos\Luminescence v1.03E\Luminescence v1.03E\bin\x64\Debug\Luminescence v1.03E.exe.WebView2\EBWebView\Default
2026-08-05 17:05:46.303: [INFO] Profiles total count: 1
2026-08-05 17:05:46.303: [INFO] Profile: name=Profil 1 path=C:\Users\seif9\source\repos\Luminescence v1.03E\Luminescence v1.03E\bin\x64\Debug\Luminescence v1.03E.exe.WebView2\EBWebView\Default lastActive=2026-08-05T16:52:39.140Z
2026-08-05 17:05:46.303: [INFO] LastUsedProfileDir: C:\Users\seif9\source\repos\Luminescence v1.03E\Luminescence v1.03E\bin\x64\Debug\Luminescence v1.03E.exe.WebView2\EBWebView\Default
2026-08-05 17:05:46.303: [INFO] MostRecentlyActiveProfile: name=Profil 1 path=C:\Users\seif9\source\repos\Luminescence v1.03E\Luminescence v1.03E\bin\x64\Debug\Luminescence v1.03E.exe.WebView2\EBWebView\Default lastActive=2026-08-05T16:52:39.140Z
2026-08-05 17:05:46.303: [INFO] OnDoneLoading sync enabled: 0
2026-08-05 17:05:46.303: [INFO] BookmarkModelLoaded, ids_reassigned: 0
2026-08-05 17:05:46.303: [INFO] BookmarksLoadDropped droppedNodes=0
2026-08-05 17:05:46.303: [INFO] BookmarksSnapshot Startup total=0 bar=0 other=0 mobile=0 showBar=0 showBarNTP=1
2026-08-05 17:07:00.263: [INFO] BookmarksSnapshot Shutdown total=0 bar=0 other=0 mobile=0 showBar=0 showBarNTP=1
2026-08-05 17:07:31.960: [INFO] CurrentProfilePath: C:\Users\seif9\source\repos\Luminescence v1.03E\Luminescence v1.03E\bin\x64\Debug\Luminescence v1.03E.exe.WebView2\EBWebView\Default
2026-08-05 17:07:31.960: [INFO] Profiles total count: 1
2026-08-05 17:07:31.960: [INFO] Profile: name=Profil 1 path=C:\Users\seif9\source\repos\Luminescence v1.03E\Luminescence v1.03E\bin\x64\Debug\Luminescence v1.03E.exe.WebView2\EBWebView\Default lastActive=2026-08-05T16:52:39.140Z
2026-08-05 17:07:31.960: [INFO] LastUsedProfileDir: C:\Users\seif9\source\repos\Luminescence v1.03E\Luminescence v1.03E\bin\x64\Debug\Luminescence v1.03E.exe.WebView2\EBWebView\Default
2026-08-05 17:07:31.960: [INFO] MostRecentlyActiveProfile: name=Profil 1 path=C:\Users\seif9\source\repos\Luminescence v1.03E\Luminescence v1.03E\bin\x64\Debug\Luminescence v1.03E.exe.WebView2\EBWebView\Default lastActive=2026-08-05T16:52:39.140Z
2026-08-05 17:07:31.960: [INFO] OnDoneLoading sync enabled: 0
2026-08-05 17:07:31.960: [INFO] BookmarkModelLoaded, ids_reassigned: 0
2026-08-05 17:07:31.960: [INFO] BookmarksLoadDropped droppedNodes=0
2026-08-05 17:07:31.960: [INFO] BookmarksSnapshot Startup total=0 bar=0 other=0 mobile=0 showBar=0 showBarNTP=1
2026-08-05 17:10:17.309: [INFO] BookmarksSnapshot Shutdown total=0 bar=0 other=0 mobile=0 showBar=0 showBarNTP=1
2026-08-05 17:14:26.093: [INFO] CurrentProfilePath: C:\Users\seif9\source\repos\Luminescence v1.03E\Luminescence v1.03E\bin\x64\Debug\Luminescence v1.03E.exe.WebView2\EBWebView\Default
2026-08-05 17:14:26.093: [INFO] Profiles total count: 1
2026-08-05 17:14:26.093: [INFO] Profile: name=Profil 1 path=C:\Users\seif9\source\repos\Luminescence v1.03E\Luminescence v1.03E\bin\x64\Debug\Luminescence v1.03E.exe.WebView2\EBWebView\Default lastActive=2026-08-05T16:52:39.140Z
2026-08-05 17:14:26.093: [INFO] LastUsedProfileDir: C:\Users\seif9\source\repos\Luminescence v1.03E\Luminescence v1.03E\bin\x64\Debug\Luminescence v1.03E.exe.WebView2\EBWebView\Default
2026-08-05 17:14:26.093: [INFO] MostRecentlyActiveProfile: name=Profil 1 path=C:\Users\seif9\source\repos\Luminescence v1.03E\Luminescence v1.03E\bin\x64\Debug\Luminescence v1.03E.exe.WebView2\EBWebView\Default lastActive=2026-08-05T16:52:39.140Z
2026-08-05 17:14:26.093: [INFO] OnDoneLoading sync enabled: 0
2026-08-05 17:14:26.093: [INFO] BookmarkModelLoaded, ids_reassigned: 0
2026-08-05 17:14:26.093: [INFO] BookmarksLoadDropped droppedNodes=0
2026-08-05 17:14:26.093: [INFO] BookmarksSnapshot Startup total=0 bar=0 other=0 mobile=0 showBar=0 showBarNTP=1
2026-08-05 17:19:36.577: [INFO] BookmarksSnapshot Shutdown total=0 bar=0 other=0 mobile=0 showBar=0 showBarNTP=1
2026-08-05 18:15:33.665: [INFO] CurrentProfilePath: C:\Users\seif9\source\repos\Luminescence v1.03E\Luminescence v1.03E\bin\x64\Debug\Luminescence v1.03E.exe.WebView2\EBWebView\Default
2026-08-05 18:15:33.665: [INFO] Profiles total count: 1
2026-08-05 18:15:33.666: [INFO] Profile: name=Profil 1 path=C:\Users\seif9\source\repos\Luminescence v1.03E\Luminescence v1.03E\bin\x64\Debug\Luminescence v1.03E.exe.WebView2\EBWebView\Default lastActive=2026-08-05T17:14:44.711Z
2026-08-05 18:15:33.666: [INFO] LastUsedProfileDir: C:\Users\seif9\source\repos\Luminescence v1.03E\Luminescence v1.03E\bin\x64\Debug\Luminescence v1.03E.exe.WebView2\EBWebView\Default
2026-08-05 18:15:33.666: [INFO] MostRecentlyActiveProfile: name=Profil 1 path=C:\Users\seif9\source\repos\Luminescence v1.03E\Luminescence v1.03E\bin\x64\Debug\Luminescence v1.03E.exe.WebView2\EBWebView\Default lastActive=2026-08-05T17:14:44.711Z
2026-08-05 18:15:33.666: [INFO] OnDoneLoading sync enabled: 0
2026-08-05 18:15:33.666: [INFO] BookmarkModelLoaded, ids_reassigned: 0
2026-08-05 18:15:33.666: [INFO] BookmarksLoadDropped droppedNodes=0
2026-08-05 18:15:33.666: [INFO] BookmarksSnapshot Startup total=0 bar=0 other=0 mobile=0 showBar=0 showBarNTP=1
2026-08-05 18:16:05.588: [INFO] BookmarksSnapshot Shutdown total=0 bar=0 other=0 mobile=0 showBar=0 showBarNTP=1
2026-08-05 18:16:10.362: [INFO] CurrentProfilePath: C:\Users\seif9\source\repos\Luminescence v1.03E\Luminescence v1.03E\bin\x64\Debug\Luminescence v1.03E.exe.WebView2\EBWebView\Default
2026-08-05 18:16:10.362: [INFO] Profiles total count: 1
2026-08-05 18:16:10.362: [INFO] Profile: name=Profil 1 path=C:\Users\seif9\source\repos\Luminescence v1.03E\Luminescence v1.03E\bin\x64\Debug\Luminescence v1.03E.exe.WebView2\EBWebView\Default lastActive=2026-08-05T17:14:44.711Z
2026-08-05 18:16:10.362: [INFO] LastUsedProfileDir: C:\Users\seif9\source\repos\Luminescence v1.03E\Luminescence v1.03E\bin\x64\Debug\Luminescence v1.03E.exe.WebView2\EBWebView\Default
2026-08-05 18:16:10.362: [INFO] MostRecentlyActiveProfile: name=Profil 1 path=C:\Users\seif9\source\repos\Luminescence v1.03E\Luminescence v1.03E\bin\x64\Debug\Luminescence v1.03E.exe.WebView2\EBWebView\Default lastActive=2026-08-05T17:14:44.711Z
2026-08-05 18:16:10.362: [INFO] OnDoneLoading sync enabled: 0
2026-08-05 18:16:10.362: [INFO] BookmarkModelLoaded, ids_reassigned: 0
2026-08-05 18:16:10.362: [INFO] BookmarksLoadDropped droppedNodes=0
2026-08-05 18:16:10.362: [INFO] BookmarksSnapshot Startup total=0 bar=0 other=0 mobile=0 showBar=0 showBarNTP=1
2026-08-05 18:17:46.139: [INFO] BookmarksSnapshot Shutdown total=0 bar=0 other=0 mobile=0 showBar=0 showBarNTP=1
2026-08-05 18:41:44.416: [INFO] CurrentProfilePath: C:\Users\seif9\source\repos\Luminescence v1.03E\Luminescence v1.03E\bin\x64\Debug\Luminescence v1.03E.exe.WebView2\EBWebView\Default
2026-08-05 18:41:44.416: [INFO] Profiles total count: 1
2026-08-05 18:41:44.416: [INFO] Profile: name=Profil 1 path=C:\Users\seif9\source\repos\Luminescence v1.03E\Luminescence v1.03E\bin\x64\Debug\Luminescence v1.03E.exe.WebView2\EBWebView\Default lastActive=2026-08-05T18:16:31.636Z
2026-08-05 18:41:44.416: [INFO] LastUsedProfileDir: C:\Users\seif9\source\repos\Luminescence v1.03E\Luminescence v1.03E\bin\x64\Debug\Luminescence v1.03E.exe.WebView2\EBWebView\Default
2026-08-05 18:41:44.417: [INFO] MostRecentlyActiveProfile: name=Profil 1 path=C:\Users\seif9\source\repos\Luminescence v1.03E\Luminescence v1.03E\bin\x64\Debug\Luminescence v1.03E.exe.WebView2\EBWebView\Default lastActive=2026-08-05T18:16:31.636Z
2026-08-05 18:41:44.417: [INFO] OnDoneLoading sync enabled: 0
2026-08-05 18:41:44.417: [INFO] BookmarkModelLoaded, ids_reassigned: 0
2026-08-05 18:41:44.417: [INFO] BookmarksLoadDropped droppedNodes=0
2026-08-05 18:41:44.417: [INFO] BookmarksSnapshot Startup total=0 bar=0 other=0 mobile=0 showBar=0 showBarNTP=1
2026-08-05 18:41:50.744: [INFO] BookmarksSnapshot Shutdown total=0 bar=0 other=0 mobile=0 showBar=0 showBarNTP=1
2026-08-05 18:43:50.430: [INFO] CurrentProfilePath: C:\Users\seif9\source\repos\Luminescence v1.03E\Luminescence v1.03E\bin\x64\Debug\Luminescence v1.03E.exe.WebView2\EBWebView\Default
2026-08-05 18:43:50.430: [INFO] Profiles total count: 1
2026-08-05 18:43:50.430: [INFO] Profile: name=Profil 1 path=C:\Users\seif9\source\repos\Luminescence v1.03E\Luminescence v1.03E\bin\x64\Debug\Luminescence v1.03E.exe.WebView2\EBWebView\Default lastActive=2026-08-05T18:16:31.636Z
2026-08-05 18:43:50.430: [INFO] LastUsedProfileDir: C:\Users\seif9\source\repos\Luminescence v1.03E\Luminescence v1.03E\bin\x64\Debug\Luminescence v1.03E.exe.WebView2\EBWebView\Default
2026-08-05 18:43:50.430: [INFO] MostRecentlyActiveProfile: name=Profil 1 path=C:\Users\seif9\source\repos\Luminescence v1.03E\Luminescence v1.03E\bin\x64\Debug\Luminescence v1.03E.exe.WebView2\EBWebView\Default lastActive=2026-08-05T18:16:31.636Z
2026-08-05 18:43:50.430: [INFO] OnDoneLoading sync enabled: 0
2026-08-05 18:43:50.430: [INFO] BookmarkModelLoaded, ids_reassigned: 0
2026-08-05 18:43:50.430: [INFO] BookmarksLoadDropped droppedNodes=0
2026-08-05 18:43:50.430: [INFO] BookmarksSnapshot Startup total=0 bar=0 other=0 mobile=0 showBar=0 showBarNTP=1
2026-08-05 18:44:51.592: [INFO] BookmarksSnapshot Shutdown total=0 bar=0 other=0 mobile=0 showBar=0 showBarNTP=1
2026-08-05 18:47:02.527: [INFO] CurrentProfilePath: C:\Users\seif9\source\repos\Luminescence v1.03E\Luminescence v1.03E\bin\x64\Debug\Luminescence v1.03E.exe.WebView2\EBWebView\Default
2026-08-05 18:47:02.527: [INFO] Profiles total count: 1
2026-08-05 18:47:02.527: [INFO] Profile: name=Profil 1 path=C:\Users\seif9\source\repos\Luminescence v1.03E\Luminescence v1.03E\bin\x64\Debug\Luminescence v1.03E.exe.WebView2\EBWebView\Default lastActive=2026-08-05T18:16:31.636Z
2026-08-05 18:47:02.527: [INFO] LastUsedProfileDir: C:\Users\seif9\source\repos\Luminescence v1.03E\Luminescence v1.03E\bin\x64\Debug\Luminescence v1.03E.exe.WebView2\EBWebView\Default
2026-08-05 18:47:02.527: [INFO] MostRecentlyActiveProfile: name=Profil 1 path=C:\Users\seif9\source\repos\Luminescence v1.03E\Luminescence v1.03E\bin\x64\Debug\Luminescence v1.03E.exe.WebView2\EBWebView\Default lastActive=2026-08-05T18:16:31.636Z
2026-08-05 18:47:02.527: [INFO] OnDoneLoading sync enabled: 0
2026-08-05 18:47:02.527: [INFO] BookmarkModelLoaded, ids_reassigned: 0
2026-08-05 18:47:02.527: [INFO] BookmarksLoadDropped droppedNodes=0
2026-08-05 18:47:02.527: [INFO] BookmarksSnapshot Startup total=0 bar=0 other=0 mobile=0 showBar=0 showBarNTP=1
2026-08-05 18:47:06.746: [INFO] BookmarksSnapshot Shutdown total=0 bar=0 other=0 mobile=0 showBar=0 showBarNTP=1
2026-08-05 18:48:42.818: [INFO] CurrentProfilePath: C:\Users\seif9\source\repos\Luminescence v1.03E\Luminescence v1.03E\bin\x64\Debug\Luminescence v1.03E.exe.WebView2\EBWebView\Default
2026-08-05 18:48:42.818: [INFO] Profiles total count: 1
2026-08-05 18:48:42.818: [INFO] Profile: name=Profil 1 path=C:\Users\seif9\source\repos\Luminescence v1.03E\Luminescence v1.03E\bin\x64\Debug\Luminescence v1.03E.exe.WebView2\EBWebView\Default lastActive=2026-08-05T18:16:31.636Z
2026-08-05 18:48:42.818: [INFO] LastUsedProfileDir: C:\Users\seif9\source\repos\Luminescence v1.03E\Luminescence v1.03E\bin\x64\Debug\Luminescence v1.03E.exe.WebView2\EBWebView\Default
2026-08-05 18:48:42.818: [INFO] MostRecentlyActiveProfile: name=Profil 1 path=C:\Users\seif9\source\repos\Luminescence v1.03E\Luminescence v1.03E\bin\x64\Debug\Luminescence v1.03E.exe.WebView2\EBWebView\Default lastActive=2026-08-05T18:16:31.636Z
2026-08-05 18:48:42.818: [INFO] OnDoneLoading sync enabled: 0
2026-08-05 18:48:42.818: [INFO] BookmarkModelLoaded, ids_reassigned: 0
2026-08-05 18:48:42.818: [INFO] BookmarksLoadDropped droppedNodes=0
2026-08-05 18:48:42.818: [INFO] BookmarksSnapshot Startup total=0 bar=0 other=0 mobile=0 showBar=0 showBarNTP=1
2026-08-05 18:48:48.679: [INFO] BookmarksSnapshot Shutdown total=0 bar=0 other=0 mobile=0 showBar=0 showBarNTP=1
2026-08-05 18:49:30.430: [INFO] CurrentProfilePath: C:\Users\seif9\source\repos\Luminescence v1.03E\Luminescence v1.03E\bin\x64\Debug\Luminescence v1.03E.exe.WebView2\EBWebView\Default
2026-08-05 18:49:30.430: [INFO] Profiles total count: 1
2026-08-05 18:49:30.430: [INFO] Profile: name=Profil 1 path=C:\Users\seif9\source\repos\Luminescence v1.03E\Luminescence v1.03E\bin\x64\Debug\Luminescence v1.03E.exe.WebView2\EBWebView\Default lastActive=2026-08-05T18:16:31.636Z
2026-08-05 18:49:30.430: [INFO] LastUsedProfileDir: C:\Users\seif9\source\repos\Luminescence v1.03E\Luminescence v1.03E\bin\x64\Debug\Luminescence v1.03E.exe.WebView2\EBWebView\Default
2026-08-05 18:49:30.431: [INFO] MostRecentlyActiveProfile: name=Profil 1 path=C:\Users\seif9\source\repos\Luminescence v1.03E\Luminescence v1.03E\bin\x64\Debug\Luminescence v1.03E.exe.WebView2\EBWebView\Default lastActive=2026-08-05T18:16:31.636Z
2026-08-05 18:49:30.431: [INFO] OnDoneLoading sync enabled: 0
2026-08-05 18:49:30.431: [INFO] BookmarkModelLoaded, ids_reassigned: 0
2026-08-05 18:49:30.431: [INFO] BookmarksLoadDropped droppedNodes=0
2026-08-05 18:49:30.431: [INFO] BookmarksSnapshot Startup total=0 bar=0 other=0 mobile=0 showBar=0 showBarNTP=1
2026-08-05 18:49:46.792: [INFO] BookmarksSnapshot Shutdown total=0 bar=0 other=0 mobile=0 showBar=0 showBarNTP=1
2026-08-05 19:04:44.889: [INFO] CurrentProfilePath: C:\Users\seif9\source\repos\Luminescence v1.03E\Luminescence v1.03E\bin\x64\Debug\Luminescence v1.03E.exe.WebView2\EBWebView\Default
2026-08-05 19:04:44.889: [INFO] Profiles total count: 1
2026-08-05 19:04:44.890: [INFO] Profile: name=Profil 1 path=C:\Users\seif9\source\repos\Luminescence v1.03E\Luminescence v1.03E\bin\x64\Debug\Luminescence v1.03E.exe.WebView2\EBWebView\Default lastActive=2026-08-05T18:16:31.636Z
2026-08-05 19:04:44.890: [INFO] LastUsedProfileDir: C:\Users\seif9\source\repos\Luminescence v1.03E\Luminescence v1.03E\bin\x64\Debug\Luminescence v1.03E.exe.WebView2\EBWebView\Default
2026-08-05 19:04:44.890: [INFO] MostRecentlyActiveProfile: name=Profil 1 path=C:\Users\seif9\source\repos\Luminescence v1.03E\Luminescence v1.03E\bin\x64\Debug\Luminescence v1.03E.exe.WebView2\EBWebView\Default lastActive=2026-08-05T18:16:31.636Z
2026-08-05 19:04:44.890: [INFO] OnDoneLoading sync enabled: 0
2026-08-05 19:04:44.890: [INFO] BookmarkModelLoaded, ids_reassigned: 0
2026-08-05 19:04:44.890: [INFO] BookmarksLoadDropped droppedNodes=0
2026-08-05 19:04:44.890: [INFO] BookmarksSnapshot Startup total=0 bar=0 other=0 mobile=0 showBar=0 showBarNTP=1
2026-08-05 19:04:50.430: [INFO] BookmarksSnapshot Shutdown total=0 bar=0 other=0 mobile=0 showBar=0 showBarNTP=1
2026-08-05 19:05:34.981: [INFO] CurrentProfilePath: C:\Users\seif9\source\repos\Luminescence v1.03E\Luminescence v1.03E\bin\x64\Debug\Luminescence v1.03E.exe.WebView2\EBWebView\Default
2026-08-05 19:05:34.981: [INFO] Profiles total count: 1
2026-08-05 19:05:34.981: [INFO] Profile: name=Profil 1 path=C:\Users\seif9\source\repos\Luminescence v1.03E\Luminescence v1.03E\bin\x64\Debug\Luminescence v1.03E.exe.WebView2\EBWebView\Default lastActive=2026-08-05T18:16:31.636Z
2026-08-05 19:05:34.981: [INFO] LastUsedProfileDir: C:\Users\seif9\source\repos\Luminescence v1.03E\Luminescence v1.03E\bin\x64\Debug\Luminescence v1.03E.exe.WebView2\EBWebView\Default
2026-08-05 19:05:34.981: [INFO] MostRecentlyActiveProfile: name=Profil 1 path=C:\Users\seif9\source\repos\Luminescence v1.03E\Luminescence v1.03E\bin\x64\Debug\Luminescence v1.03E.exe.WebView2\EBWebView\Default lastActive=2026-08-05T18:16:31.636Z
2026-08-05 19:05:34.981: [INFO] OnDoneLoading sync enabled: 0
2026-08-05 19:05:34.981: [INFO] BookmarkModelLoaded, ids_reassigned: 0
2026-08-05 19:05:34.981: [INFO] BookmarksLoadDropped droppedNodes=0
2026-08-05 19:05:34.981: [INFO] BookmarksSnapshot Startup total=0 bar=0 other=0 mobile=0 showBar=0 showBarNTP=1
2026-08-05 19:05:38.748: [INFO] BookmarksSnapshot Shutdown total=0 bar=0 other=0 mobile=0 showBar=0 showBarNTP=1
2026-08-05 19:06:57.239: [INFO] CurrentProfilePath: C:\Users\seif9\source\repos\Luminescence v1.03E\Luminescence v1.03E\bin\x64\Debug\Luminescence v1.03E.exe.WebView2\EBWebView\Default
2026-08-05 19:06:57.239: [INFO] Profiles total count: 1
2026-08-05 19:06:57.240: [INFO] Profile: name=Profil 1 path=C:\Users\seif9\source\repos\Luminescence v1.03E\Luminescence v1.03E\bin\x64\Debug\Luminescence v1.03E.exe.WebView2\EBWebView\Default lastActive=2026-08-05T18:16:31.636Z
2026-08-05 19:06:57.240: [INFO] LastUsedProfileDir: C:\Users\seif9\source\repos\Luminescence v1.03E\Luminescence v1.03E\bin\x64\Debug\Luminescence v1.03E.exe.WebView2\EBWebView\Default
2026-08-05 19:06:57.240: [INFO] MostRecentlyActiveProfile: name=Profil 1 path=C:\Users\seif9\source\repos\Luminescence v1.03E\Luminescence v1.03E\bin\x64\Debug\Luminescence v1.03E.exe.WebView2\EBWebView\Default lastActive=2026-08-05T18:16:31.636Z
2026-08-05 19:06:57.240: [INFO] OnDoneLoading sync enabled: 0
2026-08-05 19:06:57.240: [INFO] BookmarkModelLoaded, ids_reassigned: 0
2026-08-05 19:06:57.240: [INFO] BookmarksLoadDropped droppedNodes=0
2026-08-05 19:06:57.240: [INFO] BookmarksSnapshot Startup total=0 bar=0 other=0 mobile=0 showBar=0 showBarNTP=1
2026-08-05 19:07:07.922: [INFO] BookmarksSnapshot Shutdown total=0 bar=0 other=0 mobile=0 showBar=0 showBarNTP=1
2026-08-05 19:08:24.422: [INFO] CurrentProfilePath: C:\Users\seif9\source\repos\Luminescence v1.03E\Luminescence v1.03E\bin\x64\Debug\Luminescence v1.03E.exe.WebView2\EBWebView\Default
2026-08-05 19:08:24.422: [INFO] Profiles total count: 1
2026-08-05 19:08:24.423: [INFO] Profile: name=Profil 1 path=C:\Users\seif9\source\repos\Luminescence v1.03E\Luminescence v1.03E\bin\x64\Debug\Luminescence v1.03E.exe.WebView2\EBWebView\Default lastActive=2026-08-05T18:16:31.636Z
2026-08-05 19:08:24.423: [INFO] LastUsedProfileDir: C:\Users\seif9\source\repos\Luminescence v1.03E\Luminescence v1.03E\bin\x64\Debug\Luminescence v1.03E.exe.WebView2\EBWebView\Default
2026-08-05 19:08:24.423: [INFO] MostRecentlyActiveProfile: name=Profil 1 path=C:\Users\seif9\source\repos\Luminescence v1.03E\Luminescence v1.03E\bin\x64\Debug\Luminescence v1.03E.exe.WebView2\EBWebView\Default lastActive=2026-08-05T18:16:31.636Z
2026-08-05 19:08:24.423: [INFO] OnDoneLoading sync enabled: 0
2026-08-05 19:08:24.423: [INFO] BookmarkModelLoaded, ids_reassigned: 0
2026-08-05 19:08:24.423: [INFO] BookmarksLoadDropped droppedNodes=0
2026-08-05 19:08:24.423: [INFO] BookmarksSnapshot Startup total=0 bar=0 other=0 mobile=0 showBar=0 showBarNTP=1
2026-08-05 19:08:27.772: [INFO] BookmarksSnapshot Shutdown total=0 bar=0 other=0 mobile=0 showBar=0 showBarNTP=1
2026-08-05 19:09:31.718: [INFO] CurrentProfilePath: C:\Users\seif9\source\repos\Luminescence v1.03E\Luminescence v1.03E\bin\x64\Debug\Luminescence v1.03E.exe.WebView2\EBWebView\Default
2026-08-05 19:09:31.718: [INFO] Profiles total count: 1
2026-08-05 19:09:31.719: [INFO] Profile: name=Profil 1 path=C:\Users\seif9\source\repos\Luminescence v1.03E\Luminescence v1.03E\bin\x64\Debug\Luminescence v1.03E.exe.WebView2\EBWebView\Default lastActive=2026-08-05T18:16:31.636Z
2026-08-05 19:09:31.719: [INFO] LastUsedProfileDir: C:\Users\seif9\source\repos\Luminescence v1.03E\Luminescence v1.03E\bin\x64\Debug\Luminescence v1.03E.exe.WebView2\EBWebView\Default
2026-08-05 19:09:31.719: [INFO] MostRecentlyActiveProfile: name=Profil 1 path=C:\Users\seif9\source\repos\Luminescence v1.03E\Luminescence v1.03E\bin\x64\Debug\Luminescence v1.03E.exe.WebView2\EBWebView\Default lastActive=2026-08-05T18:16:31.636Z
2026-08-05 19:09:31.719: [INFO] OnDoneLoading sync enabled: 0
2026-08-05 19:09:31.719: [INFO] BookmarkModelLoaded, ids_reassigned: 0
2026-08-05 19:09:31.719: [INFO] BookmarksLoadDropped droppedNodes=0
2026-08-05 19:09:31.719: [INFO] BookmarksSnapshot Startup total=0 bar=0 other=0 mobile=0 showBar=0 showBarNTP=1
2026-08-05 19:09:41.452: [INFO] BookmarksSnapshot Shutdown total=0 bar=0 other=0 mobile=0 showBar=0 showBarNTP=1
2026-08-05 19:11:02.250: [INFO] CurrentProfilePath: C:\Users\seif9\source\repos\Luminescence v1.03E\Luminescence v1.03E\bin\x64\Debug\Luminescence v1.03E.exe.WebView2\EBWebView\Default
2026-08-05 19:11:02.250: [INFO] Profiles total count: 1
2026-08-05 19:11:02.250: [INFO] Profile: name=Profil 1 path=C:\Users\seif9\source\repos\Luminescence v1.03E\Luminescence v1.03E\bin\x64\Debug\Luminescence v1.03E.exe.WebView2\EBWebView\Default lastActive=2026-08-05T18:16:31.636Z
2026-08-05 19:11:02.251: [INFO] LastUsedProfileDir: C:\Users\seif9\source\repos\Luminescence v1.03E\Luminescence v1.03E\bin\x64\Debug\Luminescence v1.03E.exe.WebView2\EBWebView\Default
2026-08-05 19:11:02.251: [INFO] MostRecentlyActiveProfile: name=Profil 1 path=C:\Users\seif9\source\repos\Luminescence v1.03E\Luminescence v1.03E\bin\x64\Debug\Luminescence v1.03E.exe.WebView2\EBWebView\Default lastActive=2026-08-05T18:16:31.636Z
2026-08-05 19:11:02.251: [INFO] OnDoneLoading sync enabled: 0
2026-08-05 19:11:02.251: [INFO] BookmarkModelLoaded, ids_reassigned: 0
2026-08-05 19:11:02.251: [INFO] BookmarksLoadDropped droppedNodes=0
2026-08-05 19:11:02.251: [INFO] BookmarksSnapshot Startup total=0 bar=0 other=0 mobile=0 showBar=0 showBarNTP=1
2026-08-05 19:32:25.276: [INFO] BookmarksSnapshot Shutdown total=0 bar=0 other=0 mobile=0 showBar=0 showBarNTP=1
2026-08-05 19:36:05.430: [INFO] CurrentProfilePath: C:\Users\seif9\source\repos\Luminescence v1.03E\Luminescence v1.03E\bin\x64\Debug\Luminescence v1.03E.exe.WebView2\EBWebView\Default
2026-08-05 19:36:05.430: [INFO] Profiles total count: 1
2026-08-05 19:36:05.430: [INFO] Profile: name=Profil 1 path=C:\Users\seif9\source\repos\Luminescence v1.03E\Luminescence v1.03E\bin\x64\Debug\Luminescence v1.03E.exe.WebView2\EBWebView\Default lastActive=2026-08-05T18:16:31.636Z
2026-08-05 19:36:05.430: [INFO] LastUsedProfileDir: C:\Users\seif9\source\repos\Luminescence v1.03E\Luminescence v1.03E\bin\x64\Debug\Luminescence v1.03E.exe.WebView2\EBWebView\Default
2026-08-05 19:36:05.430: [INFO] MostRecentlyActiveProfile: name=Profil 1 path=C:\Users\seif9\source\repos\Luminescence v1.03E\Luminescence v1.03E\bin\x64\Debug\Luminescence v1.03E.exe.WebView2\EBWebView\Default lastActive=2026-08-05T18:16:31.636Z
2026-08-05 19:36:05.430: [INFO] OnDoneLoading sync enabled: 0
2026-08-05 19:36:05.430: [INFO] BookmarkModelLoaded, ids_reassigned: 0
2026-08-05 19:36:05.430: [INFO] BookmarksLoadDropped droppedNodes=0
2026-08-05 19:36:05.430: [INFO] BookmarksSnapshot Startup total=0 bar=0 other=0 mobile=0 showBar=0 showBarNTP=1
2026-08-05 19:36:12.981: [INFO] BookmarksSnapshot Shutdown total=0 bar=0 other=0 mobile=0 showBar=0 showBarNTP=1
2026-08-05 19:50:06.093: [INFO] CurrentProfilePath: C:\Users\seif9\source\repos\Luminescence v1.03E\Luminescence v1.03E\bin\x64\Debug\Luminescence v1.03E.exe.WebView2\EBWebView\Default
2026-08-05 19:50:06.093: [INFO] Profiles total count: 1
2026-08-05 19:50:06.095: [INFO] Profile: name=Profil 1 path=C:\Users\seif9\source\repos\Luminescence v1.03E\Luminescence v1.03E\bin\x64\Debug\Luminescence v1.03E.exe.WebView2\EBWebView\Default lastActive=2026-08-05T19:36:22.133Z
2026-08-05 19:50:06.095: [INFO] LastUsedProfileDir: C:\Users\seif9\source\repos\Luminescence v1.03E\Luminescence v1.03E\bin\x64\Debug\Luminescence v1.03E.exe.WebView2\EBWebView\Default
2026-08-05 19:50:06.095: [INFO] MostRecentlyActiveProfile: name=Profil 1 path=C:\Users\seif9\source\repos\Luminescence v1.03E\Luminescence v1.03E\bin\x64\Debug\Luminescence v1.03E.exe.WebView2\EBWebView\Default lastActive=2026-08-05T19:36:22.133Z
2026-08-05 19:50:06.095: [INFO] OnDoneLoading sync enabled: 0
2026-08-05 19:50:06.095: [INFO] BookmarkModelLoaded, ids_reassigned: 0
2026-08-05 19:50:06.095: [INFO] BookmarksLoadDropped droppedNodes=0
2026-08-05 19:50:06.095: [INFO] BookmarksSnapshot Startup total=0 bar=0 other=0 mobile=0 showBar=0 showBarNTP=1
2026-08-05 19:50:15.468: [INFO] BookmarksSnapshot Shutdown total=0 bar=0 other=0 mobile=0 showBar=0 showBarNTP=1
2026-08-05 19:50:33.883: [INFO] CurrentProfilePath: C:\Users\seif9\source\repos\Luminescence v1.03E\Luminescence v1.03E\bin\x64\Debug\Luminescence v1.03E.exe.WebView2\EBWebView\Default
2026-08-05 19:50:33.883: [INFO] Profiles total count: 1
2026-08-05 19:50:33.884: [INFO] Profile: name=Profil 1 path=C:\Users\seif9\source\repos\Luminescence v1.03E\Luminescence v1.03E\bin\x64\Debug\Luminescence v1.03E.exe.WebView2\EBWebView\Default lastActive=2026-08-05T19:36:22.133Z
2026-08-05 19:50:33.884: [INFO] LastUsedProfileDir: C:\Users\seif9\source\repos\Luminescence v1.03E\Luminescence v1.03E\bin\x64\Debug\Luminescence v1.03E.exe.WebView2\EBWebView\Default
2026-08-05 19:50:33.884: [INFO] MostRecentlyActiveProfile: name=Profil 1 path=C:\Users\seif9\source\repos\Luminescence v1.03E\Luminescence v1.03E\bin\x64\Debug\Luminescence v1.03E.exe.WebView2\EBWebView\Default lastActive=2026-08-05T19:36:22.133Z
2026-08-05 19:50:33.884: [INFO] OnDoneLoading sync enabled: 0
2026-08-05 19:50:33.884: [INFO] BookmarkModelLoaded, ids_reassigned: 0
2026-08-05 19:50:33.884: [INFO] BookmarksLoadDropped droppedNodes=0
2026-08-05 19:50:33.884: [INFO] BookmarksSnapshot Startup total=0 bar=0 other=0 mobile=0 showBar=0 showBarNTP=1
2026-08-05 19:52:37.820: [INFO] BookmarksSnapshot Shutdown total=0 bar=0 other=0 mobile=0 showBar=0 showBarNTP=1
2026-08-06 09:35:33.947: [INFO] CurrentProfilePath: C:\Users\seif9\source\repos\Luminescence v1.03E\Luminescence v1.03E\bin\x64\Debug\Luminescence v1.03E.exe.WebView2\EBWebView\Default
2026-08-06 09:35:33.947: [INFO] Profiles total count: 1
2026-08-06 09:35:33.947: [INFO] Profile: name=Profil 1 path=C:\Users\seif9\source\repos\Luminescence v1.03E\Luminescence v1.03E\bin\x64\Debug\Luminescence v1.03E.exe.WebView2\EBWebView\Default lastActive=2026-08-05T19:50:34.670Z
2026-08-06 09:35:33.947: [INFO] LastUsedProfileDir: C:\Users\seif9\source\repos\Luminescence v1.03E\Luminescence v1.03E\bin\x64\Debug\Luminescence v1.03E.exe.WebView2\EBWebView\Default
2026-08-06 09:35:33.947: [INFO] MostRecentlyActiveProfile: name=Profil 1 path=C:\Users\seif9\source\repos\Luminescence v1.03E\Luminescence v1.03E\bin\x64\Debug\Luminescence v1.03E.exe.WebView2\EBWebView\Default lastActive=2026-08-05T19:50:34.670Z
2026-08-06 09:35:33.947: [INFO] OnDoneLoading sync enabled: 0
2026-08-06 09:35:33.947: [INFO] BookmarkModelLoaded, ids_reassigned: 0
2026-08-06 09:35:33.947: [INFO] BookmarksLoadDropped droppedNodes=0
2026-08-06 09:35:33.947: [INFO] BookmarksSnapshot Startup total=0 bar=0 other=0 mobile=0 showBar=0 showBarNTP=1
2026-08-06 09:35:41.436: [INFO] BookmarksSnapshot Shutdown total=0 bar=0 other=0 mobile=0 showBar=0 showBarNTP=1
2026-08-06 09:37:51.478: [INFO] CurrentProfilePath: C:\Users\seif9\source\repos\Luminescence v1.03E\Luminescence v1.03E\bin\x64\Debug\Luminescence v1.03E.exe.WebView2\EBWebView\Default
2026-08-06 09:37:51.478: [INFO] Profiles total count: 1
2026-08-06 09:37:51.478: [INFO] Profile: name=Profil 1 path=C:\Users\seif9\source\repos\Luminescence v1.03E\Luminescence v1.03E\bin\x64\Debug\Luminescence v1.03E.exe.WebView2\EBWebView\Default lastActive=2026-08-05T19:50:34.670Z
2026-08-06 09:37:51.478: [INFO] LastUsedProfileDir: C:\Users\seif9\source\repos\Luminescence v1.03E\Luminescence v1.03E\bin\x64\Debug\Luminescence v1.03E.exe.WebView2\EBWebView\Default
2026-08-06 09:37:51.478: [INFO] MostRecentlyActiveProfile: name=Profil 1 path=C:\Users\seif9\source\repos\Luminescence v1.03E\Luminescence v1.03E\bin\x64\Debug\Luminescence v1.03E.exe.WebView2\EBWebView\Default lastActive=2026-08-05T19:50:34.670Z
2026-08-06 09:37:51.478: [INFO] OnDoneLoading sync enabled: 0
2026-08-06 09:37:51.478: [INFO] BookmarkModelLoaded, ids_reassigned: 0
2026-08-06 09:37:51.478: [INFO] BookmarksLoadDropped droppedNodes=0
2026-08-06 09:37:51.478: [INFO] BookmarksSnapshot Startup total=0 bar=0 other=0 mobile=0 showBar=0 showBarNTP=1
2026-08-06 09:37:54.213: [INFO] BookmarksSnapshot Shutdown total=0 bar=0 other=0 mobile=0 showBar=0 showBarNTP=1
2026-08-06 09:41:37.742: [INFO] CurrentProfilePath: C:\Users\seif9\source\repos\Luminescence v1.03E\Luminescence v1.03E\bin\x64\Debug\Luminescence v1.03E.exe.WebView2\EBWebView\Default
2026-08-06 09:41:37.742: [INFO] Profiles total count: 1
2026-08-06 09:41:37.743: [INFO] Profile: name=Profil 1 path=C:\Users\seif9\source\repos\Luminescence v1.03E\Luminescence v1.03E\bin\x64\Debug\Luminescence v1.03E.exe.WebView2\EBWebView\Default lastActive=2026-08-05T19:50:34.670Z
2026-08-06 09:41:37.743: [INFO] LastUsedProfileDir: C:\Users\seif9\source\repos\Luminescence v1.03E\Luminescence v1.03E\bin\x64\Debug\Luminescence v1.03E.exe.WebView2\EBWebView\Default
2026-08-06 09:41:37.743: [INFO] MostRecentlyActiveProfile: name=Profil 1 path=C:\Users\seif9\source\repos\Luminescence v1.03E\Luminescence v1.03E\bin\x64\Debug\Luminescence v1.03E.exe.WebView2\EBWebView\Default lastActive=2026-08-05T19:50:34.670Z
2026-08-06 09:41:37.743: [INFO] OnDoneLoading sync enabled: 0
2026-08-06 09:41:37.743: [INFO] BookmarkModelLoaded, ids_reassigned: 0
2026-08-06 09:41:37.743: [INFO] BookmarksLoadDropped droppedNodes=0
2026-08-06 09:41:37.743: [INFO] BookmarksSnapshot Startup total=0 bar=0 other=0 mobile=0 showBar=0 showBarNTP=1
2026-08-06 09:42:50.300: [INFO] BookmarksSnapshot Shutdown total=0 bar=0 other=0 mobile=0 showBar=0 showBarNTP=1
2026-08-06 09:42:52.523: [INFO] CurrentProfilePath: C:\Users\seif9\source\repos\Luminescence v1.03E\Luminescence v1.03E\bin\x64\Debug\Luminescence v1.03E.exe.WebView2\EBWebView\Default
2026-08-06 09:42:52.523: [INFO] Profiles total count: 1
2026-08-06 09:42:52.523: [INFO] Profile: name=Profil 1 path=C:\Users\seif9\source\repos\Luminescence v1.03E\Luminescence v1.03E\bin\x64\Debug\Luminescence v1.03E.exe.WebView2\EBWebView\Default lastActive=2026-08-06T09:42:28.190Z
2026-08-06 09:42:52.523: [INFO] LastUsedProfileDir: C:\Users\seif9\source\repos\Luminescence v1.03E\Luminescence v1.03E\bin\x64\Debug\Luminescence v1.03E.exe.WebView2\EBWebView\Default
2026-08-06 09:42:52.523: [INFO] MostRecentlyActiveProfile: name=Profil 1 path=C:\Users\seif9\source\repos\Luminescence v1.03E\Luminescence v1.03E\bin\x64\Debug\Luminescence v1.03E.exe.WebView2\EBWebView\Default lastActive=2026-08-06T09:42:28.190Z
2026-08-06 09:42:52.523: [INFO] OnDoneLoading sync enabled: 0
2026-08-06 09:42:52.523: [INFO] BookmarkModelLoaded, ids_reassigned: 0
2026-08-06 09:42:52.523: [INFO] BookmarksLoadDropped droppedNodes=0
2026-08-06 09:42:52.523: [INFO] BookmarksSnapshot Startup total=0 bar=0 other=0 mobile=0 showBar=0 showBarNTP=1
2026-08-06 09:43:02.664: [INFO] BookmarksSnapshot Shutdown total=0 bar=0 other=0 mobile=0 showBar=0 showBarNTP=1
2026-08-06 09:45:48.656: [INFO] CurrentProfilePath: C:\Users\seif9\source\repos\Luminescence v1.03E\Luminescence v1.03E\bin\x64\Debug\Luminescence v1.03E.exe.WebView2\EBWebView\Default
2026-08-06 09:45:48.656: [INFO] Profiles total count: 1
2026-08-06 09:45:48.656: [INFO] Profile: name=Profil 1 path=C:\Users\seif9\source\repos\Luminescence v1.03E\Luminescence v1.03E\bin\x64\Debug\Luminescence v1.03E.exe.WebView2\EBWebView\Default lastActive=2026-08-06T09:42:52.792Z
2026-08-06 09:45:48.656: [INFO] LastUsedProfileDir: C:\Users\seif9\source\repos\Luminescence v1.03E\Luminescence v1.03E\bin\x64\Debug\Luminescence v1.03E.exe.WebView2\EBWebView\Default
2026-08-06 09:45:48.656: [INFO] MostRecentlyActiveProfile: name=Profil 1 path=C:\Users\seif9\source\repos\Luminescence v1.03E\Luminescence v1.03E\bin\x64\Debug\Luminescence v1.03E.exe.WebView2\EBWebView\Default lastActive=2026-08-06T09:42:52.792Z
2026-08-06 09:45:48.656: [INFO] OnDoneLoading sync enabled: 0
2026-08-06 09:45:48.656: [INFO] BookmarkModelLoaded, ids_reassigned: 0
2026-08-06 09:45:48.656: [INFO] BookmarksLoadDropped droppedNodes=0
2026-08-06 09:45:48.656: [INFO] BookmarksSnapshot Startup total=0 bar=0 other=0 mobile=0 showBar=0 showBarNTP=1
2026-08-06 09:48:14.863: [INFO] BookmarksSnapshot Shutdown total=0 bar=0 other=0 mobile=0 showBar=0 showBarNTP=1
2026-08-06 09:48:36.835: [INFO] CurrentProfilePath: C:\Users\seif9\source\repos\Luminescence v1.03E\Luminescence v1.03E\bin\x64\Debug\Luminescence v1.03E.exe.WebView2\EBWebView\Default
2026-08-06 09:48:36.835: [INFO] Profiles total count: 1
2026-08-06 09:48:36.835: [INFO] Profile: name=Profil 1 path=C:\Users\seif9\source\repos\Luminescence v1.03E\Luminescence v1.03E\bin\x64\Debug\Luminescence v1.03E.exe.WebView2\EBWebView\Default lastActive=2026-08-06T09:45:50.085Z
2026-08-06 09:48:36.835: [INFO] LastUsedProfileDir: C:\Users\seif9\source\repos\Luminescence v1.03E\Luminescence v1.03E\bin\x64\Debug\Luminescence v1.03E.exe.WebView2\EBWebView\Default
2026-08-06 09:48:36.835: [INFO] MostRecentlyActiveProfile: name=Profil 1 path=C:\Users\seif9\source\repos\Luminescence v1.03E\Luminescence v1.03E\bin\x64\Debug\Luminescence v1.03E.exe.WebView2\EBWebView\Default lastActive=2026-08-06T09:45:50.085Z
2026-08-06 09:48:36.835: [INFO] OnDoneLoading sync enabled: 0
2026-08-06 09:48:36.835: [INFO] BookmarkModelLoaded, ids_reassigned: 0
2026-08-06 09:48:36.835: [INFO] BookmarksLoadDropped droppedNodes=0
2026-08-06 09:48:36.835: [INFO] BookmarksSnapshot Startup total=0 bar=0 other=0 mobile=0 showBar=0 showBarNTP=1
2026-08-06 09:50:43.853: [INFO] BookmarksSnapshot Shutdown total=0 bar=0 other=0 mobile=0 showBar=0 showBarNTP=1
2026-08-06 09:51:11.533: [INFO] CurrentProfilePath: C:\Users\seif9\source\repos\Luminescence v1.03E\Luminescence v1.03E\bin\x64\Debug\Luminescence v1.03E.exe.WebView2\EBWebView\Default
2026-08-06 09:51:11.533: [INFO] Profiles total count: 1
2026-08-06 09:51:11.533: [INFO] Profile: name=Profil 1 path=C:\Users\seif9\source\repos\Luminescence v1.03E\Luminescence v1.03E\bin\x64\Debug\Luminescence v1.03E.exe.WebView2\EBWebView\Default lastActive=2026-08-06T09:45:50.085Z
2026-08-06 09:51:11.533: [INFO] LastUsedProfileDir: C:\Users\seif9\source\repos\Luminescence v1.03E\Luminescence v1.03E\bin\x64\Debug\Luminescence v1.03E.exe.WebView2\EBWebView\Default
2026-08-06 09:51:11.533: [INFO] MostRecentlyActiveProfile: name=Profil 1 path=C:\Users\seif9\source\repos\Luminescence v1.03E\Luminescence v1.03E\bin\x64\Debug\Luminescence v1.03E.exe.WebView2\EBWebView\Default lastActive=2026-08-06T09:45:50.085Z
2026-08-06 09:51:11.533: [INFO] OnDoneLoading sync enabled: 0
2026-08-06 09:51:11.533: [INFO] BookmarkModelLoaded, ids_reassigned: 0
2026-08-06 09:51:11.533: [INFO] BookmarksLoadDropped droppedNodes=0
2026-08-06 09:51:11.533: [INFO] BookmarksSnapshot Startup total=0 bar=0 other=0 mobile=0 showBar=0 showBarNTP=1
2026-08-06 09:51:14.344: [INFO] BookmarksSnapshot Shutdown total=0 bar=0 other=0 mobile=0 showBar=0 showBarNTP=1
2026-08-06 09:51:23.728: [INFO] CurrentProfilePath: C:\Users\seif9\source\repos\Luminescence v1.03E\Luminescence v1.03E\bin\x64\Debug\Luminescence v1.03E.exe.WebView2\EBWebView\Default
2026-08-06 09:51:23.728: [INFO] Profiles total count: 1
2026-08-06 09:51:23.728: [INFO] Profile: name=Profil 1 path=C:\Users\seif9\source\repos\Luminescence v1.03E\Luminescence v1.03E\bin\x64\Debug\Luminescence v1.03E.exe.WebView2\EBWebView\Default lastActive=2026-08-06T09:45:50.085Z
2026-08-06 09:51:23.728: [INFO] LastUsedProfileDir: C:\Users\seif9\source\repos\Luminescence v1.03E\Luminescence v1.03E\bin\x64\Debug\Luminescence v1.03E.exe.WebView2\EBWebView\Default
2026-08-06 09:51:23.728: [INFO] MostRecentlyActiveProfile: name=Profil 1 path=C:\Users\seif9\source\repos\Luminescence v1.03E\Luminescence v1.03E\bin\x64\Debug\Luminescence v1.03E.exe.WebView2\EBWebView\Default lastActive=2026-08-06T09:45:50.085Z
2026-08-06 09:51:23.728: [INFO] OnDoneLoading sync enabled: 0
2026-08-06 09:51:23.728: [INFO] BookmarkModelLoaded, ids_reassigned: 0
2026-08-06 09:51:23.728: [INFO] BookmarksLoadDropped droppedNodes=0
2026-08-06 09:51:23.728: [INFO] BookmarksSnapshot Startup total=0 bar=0 other=0 mobile=0 showBar=0 showBarNTP=1
2026-08-06 09:51:37.553: [INFO] BookmarksSnapshot Shutdown total=0 bar=0 other=0 mobile=0 showBar=0 showBarNTP=1
2026-08-06 09:53:22.618: [INFO] CurrentProfilePath: C:\Users\seif9\source\repos\Luminescence v1.03E\Luminescence v1.03E\bin\x64\Debug\Luminescence v1.03E.exe.WebView2\EBWebView\Default
2026-08-06 09:53:22.618: [INFO] Profiles total count: 1
2026-08-06 09:53:22.618: [INFO] Profile: name=Profil 1 path=C:\Users\seif9\source\repos\Luminescence v1.03E\Luminescence v1.03E\bin\x64\Debug\Luminescence v1.03E.exe.WebView2\EBWebView\Default lastActive=2026-08-06T09:45:50.085Z
2026-08-06 09:53:22.618: [INFO] LastUsedProfileDir: C:\Users\seif9\source\repos\Luminescence v1.03E\Luminescence v1.03E\bin\x64\Debug\Luminescence v1.03E.exe.WebView2\EBWebView\Default
2026-08-06 09:53:22.618: [INFO] MostRecentlyActiveProfile: name=Profil 1 path=C:\Users\seif9\source\repos\Luminescence v1.03E\Luminescence v1.03E\bin\x64\Debug\Luminescence v1.03E.exe.WebView2\EBWebView\Default lastActive=2026-08-06T09:45:50.085Z
2026-08-06 09:53:22.618: [INFO] OnDoneLoading sync enabled: 0
2026-08-06 09:53:22.618: [INFO] BookmarkModelLoaded, ids_reassigned: 0
2026-08-06 09:53:22.618: [INFO] BookmarksLoadDropped droppedNodes=0
2026-08-06 09:53:22.618: [INFO] BookmarksSnapshot Startup total=0 bar=0 other=0 mobile=0 showBar=0 showBarNTP=1
2026-08-06 09:53:26.676: [INFO] BookmarksSnapshot Shutdown total=0 bar=0 other=0 mobile=0 showBar=0 showBarNTP=1
2026-08-06 09:56:32.756: [INFO] CurrentProfilePath: C:\Users\seif9\source\repos\Luminescence v1.03E\Luminescence v1.03E\bin\x64\Debug\Luminescence v1.03E.exe.WebView2\EBWebView\Default
2026-08-06 09:56:32.756: [INFO] Profiles total count: 1
2026-08-06 09:56:32.757: [INFO] Profile: name=Profil 1 path=C:\Users\seif9\source\repos\Luminescence v1.03E\Luminescence v1.03E\bin\x64\Debug\Luminescence v1.03E.exe.WebView2\EBWebView\Default lastActive=2026-08-06T09:53:23.737Z
2026-08-06 09:56:32.757: [INFO] LastUsedProfileDir: C:\Users\seif9\source\repos\Luminescence v1.03E\Luminescence v1.03E\bin\x64\Debug\Luminescence v1.03E.exe.WebView2\EBWebView\Default
2026-08-06 09:56:32.757: [INFO] MostRecentlyActiveProfile: name=Profil 1 path=C:\Users\seif9\source\repos\Luminescence v1.03E\Luminescence v1.03E\bin\x64\Debug\Luminescence v1.03E.exe.WebView2\EBWebView\Default lastActive=2026-08-06T09:53:23.737Z
2026-08-06 09:56:32.757: [INFO] OnDoneLoading sync enabled: 0
2026-08-06 09:56:32.757: [INFO] BookmarkModelLoaded, ids_reassigned: 0
2026-08-06 09:56:32.757: [INFO] BookmarksLoadDropped droppedNodes=0
2026-08-06 09:56:32.757: [INFO] BookmarksSnapshot Startup total=0 bar=0 other=0 mobile=0 showBar=0 showBarNTP=1
2026-08-06 09:58:45.328: [INFO] BookmarksSnapshot Shutdown total=0 bar=0 other=0 mobile=0 showBar=0 showBarNTP=1
2026-08-06 09:58:49.089: [INFO] CurrentProfilePath: C:\Users\seif9\source\repos\Luminescence v1.03E\Luminescence v1.03E\bin\x64\Debug\Luminescence v1.03E.exe.WebView2\EBWebView\Default
2026-08-06 09:58:49.089: [INFO] Profiles total count: 1
2026-08-06 09:58:49.089: [INFO] Profile: name=Profil 1 path=C:\Users\seif9\source\repos\Luminescence v1.03E\Luminescence v1.03E\bin\x64\Debug\Luminescence v1.03E.exe.WebView2\EBWebView\Default lastActive=2026-08-06T09:56:34.366Z
2026-08-06 09:58:49.089: [INFO] LastUsedProfileDir: C:\Users\seif9\source\repos\Luminescence v1.03E\Luminescence v1.03E\bin\x64\Debug\Luminescence v1.03E.exe.WebView2\EBWebView\Default
2026-08-06 09:58:49.089: [INFO] MostRecentlyActiveProfile: name=Profil 1 path=C:\Users\seif9\source\repos\Luminescence v1.03E\Luminescence v1.03E\bin\x64\Debug\Luminescence v1.03E.exe.WebView2\EBWebView\Default lastActive=2026-08-06T09:56:34.366Z
2026-08-06 09:58:49.089: [INFO] OnDoneLoading sync enabled: 0
2026-08-06 09:58:49.089: [INFO] BookmarkModelLoaded, ids_reassigned: 0
2026-08-06 09:58:49.089: [INFO] BookmarksLoadDropped droppedNodes=0
2026-08-06 09:58:49.089: [INFO] BookmarksSnapshot Startup total=0 bar=0 other=0 mobile=0 showBar=0 showBarNTP=1
2026-08-06 09:59:00.723: [INFO] BookmarksSnapshot Shutdown total=0 bar=0 other=0 mobile=0 showBar=0 showBarNTP=1
2026-08-06 10:04:09.331: [INFO] CurrentProfilePath: C:\Users\seif9\source\repos\Luminescence v1.03E\Luminescence v1.03E\bin\x64\Debug\Luminescence v1.03E.exe.WebView2\EBWebView\Default
2026-08-06 10:04:09.331: [INFO] Profiles total count: 1
2026-08-06 10:04:09.332: [INFO] Profile: name=Profil 1 path=C:\Users\seif9\source\repos\Luminescence v1.03E\Luminescence v1.03E\bin\x64\Debug\Luminescence v1.03E.exe.WebView2\EBWebView\Default lastActive=2026-08-06T09:56:34.366Z
2026-08-06 10:04:09.332: [INFO] LastUsedProfileDir: C:\Users\seif9\source\repos\Luminescence v1.03E\Luminescence v1.03E\bin\x64\Debug\Luminescence v1.03E.exe.WebView2\EBWebView\Default
2026-08-06 10:04:09.332: [INFO] MostRecentlyActiveProfile: name=Profil 1 path=C:\Users\seif9\source\repos\Luminescence v1.03E\Luminescence v1.03E\bin\x64\Debug\Luminescence v1.03E.exe.WebView2\EBWebView\Default lastActive=2026-08-06T09:56:34.366Z
2026-08-06 10:04:09.332: [INFO] OnDoneLoading sync enabled: 0
2026-08-06 10:04:09.332: [INFO] BookmarkModelLoaded, ids_reassigned: 0
2026-08-06 10:04:09.332: [INFO] BookmarksLoadDropped droppedNodes=0
2026-08-06 10:04:09.332: [INFO] BookmarksSnapshot Startup total=0 bar=0 other=0 mobile=0 showBar=0 showBarNTP=1
2026-08-06 10:04:32.913: [INFO] BookmarksSnapshot Shutdown total=0 bar=0 other=0 mobile=0 showBar=0 showBarNTP=1
2026-08-06 10:05:14.217: [INFO] CurrentProfilePath: C:\Users\seif9\source\repos\Luminescence v1.03E\Luminescence v1.03E\bin\x64\Debug\Luminescence v1.03E.exe.WebView2\EBWebView\Default
2026-08-06 10:05:14.217: [INFO] Profiles total count: 1
2026-08-06 10:05:14.217: [INFO] Profile: name=Profil 1 path=C:\Users\seif9\source\repos\Luminescence v1.03E\Luminescence v1.03E\bin\x64\Debug\Luminescence v1.03E.exe.WebView2\EBWebView\Default lastActive=2026-08-06T10:04:27.728Z
2026-08-06 10:05:14.217: [INFO] LastUsedProfileDir: C:\Users\seif9\source\repos\Luminescence v1.03E\Luminescence v1.03E\bin\x64\Debug\Luminescence v1.03E.exe.WebView2\EBWebView\Default
2026-08-06 10:05:14.217: [INFO] MostRecentlyActiveProfile: name=Profil 1 path=C:\Users\seif9\source\repos\Luminescence v1.03E\Luminescence v1.03E\bin\x64\Debug\Luminescence v1.03E.exe.WebView2\EBWebView\Default lastActive=2026-08-06T10:04:27.728Z
2026-08-06 10:05:14.217: [INFO] OnDoneLoading sync enabled: 0
2026-08-06 10:05:14.217: [INFO] BookmarkModelLoaded, ids_reassigned: 0
2026-08-06 10:05:14.217: [INFO] BookmarksLoadDropped droppedNodes=0
2026-08-06 10:05:14.217: [INFO] BookmarksSnapshot Startup total=0 bar=0 other=0 mobile=0 showBar=0 showBarNTP=1
2026-08-06 10:11:52.260: [INFO] BookmarksSnapshot Shutdown total=0 bar=0 other=0 mobile=0 showBar=0 showBarNTP=1
2026-08-06 10:11:56.339: [INFO] CurrentProfilePath: C:\Users\seif9\source\repos\Luminescence v1.03E\Luminescence v1.03E\bin\x64\Debug\Luminescence v1.03E.exe.WebView2\EBWebView\Default
2026-08-06 10:11:56.339: [INFO] Profiles total count: 1
2026-08-06 10:11:56.339: [INFO] Profile: name=Profil 1 path=C:\Users\seif9\source\repos\Luminescence v1.03E\Luminescence v1.03E\bin\x64\Debug\Luminescence v1.03E.exe.WebView2\EBWebView\Default lastActive=2026-08-06T10:04:27.728Z
2026-08-06 10:11:56.339: [INFO] LastUsedProfileDir: C:\Users\seif9\source\repos\Luminescence v1.03E\Luminescence v1.03E\bin\x64\Debug\Luminescence v1.03E.exe.WebView2\EBWebView\Default
2026-08-06 10:11:56.339: [INFO] MostRecentlyActiveProfile: name=Profil 1 path=C:\Users\seif9\source\repos\Luminescence v1.03E\Luminescence v1.03E\bin\x64\Debug\Luminescence v1.03E.exe.WebView2\EBWebView\Default lastActive=2026-08-06T10:04:27.728Z
2026-08-06 10:11:56.339: [INFO] OnDoneLoading sync enabled: 0
2026-08-06 10:11:56.339: [INFO] BookmarkModelLoaded, ids_reassigned: 0
2026-08-06 10:11:56.339: [INFO] BookmarksLoadDropped droppedNodes=0
2026-08-06 10:11:56.339: [INFO] BookmarksSnapshot Startup total=0 bar=0 other=0 mobile=0 showBar=0 showBarNTP=1
2026-08-06 10:12:10.509: [INFO] BookmarksSnapshot Shutdown total=0 bar=0 other=0 mobile=0 showBar=0 showBarNTP=1
2026-08-06 10:12:11.928: [INFO] CurrentProfilePath: C:\Users\seif9\source\repos\Luminescence v1.03E\Luminescence v1.03E\bin\x64\Debug\Luminescence v1.03E.exe.WebView2\EBWebView\Default
2026-08-06 10:12:11.928: [INFO] Profiles total count: 1
2026-08-06 10:12:11.928: [INFO] Profile: name=Profil 1 path=C:\Users\seif9\source\repos\Luminescence v1.03E\Luminescence v1.03E\bin\x64\Debug\Luminescence v1.03E.exe.WebView2\EBWebView\Default lastActive=2026-08-06T10:11:58.409Z
2026-08-06 10:12:11.928: [INFO] LastUsedProfileDir: C:\Users\seif9\source\repos\Luminescence v1.03E\Luminescence v1.03E\bin\x64\Debug\Luminescence v1.03E.exe.WebView2\EBWebView\Default
2026-08-06 10:12:11.928: [INFO] MostRecentlyActiveProfile: name=Profil 1 path=C:\Users\seif9\source\repos\Luminescence v1.03E\Luminescence v1.03E\bin\x64\Debug\Luminescence v1.03E.exe.WebView2\EBWebView\Default lastActive=2026-08-06T10:11:58.409Z
2026-08-06 10:12:11.928: [INFO] OnDoneLoading sync enabled: 0
2026-08-06 10:12:11.928: [INFO] BookmarkModelLoaded, ids_reassigned: 0
2026-08-06 10:12:11.928: [INFO] BookmarksLoadDropped droppedNodes=0
2026-08-06 10:12:11.928: [INFO] BookmarksSnapshot Startup total=0 bar=0 other=0 mobile=0 showBar=0 showBarNTP=1
2026-08-06 10:12:19.787: [INFO] BookmarksSnapshot Shutdown total=0 bar=0 other=0 mobile=0 showBar=0 showBarNTP=1
2026-08-06 10:12:21.189: [INFO] CurrentProfilePath: C:\Users\seif9\source\repos\Luminescence v1.03E\Luminescence v1.03E\bin\x64\Debug\Luminescence v1.03E.exe.WebView2\EBWebView\Default
2026-08-06 10:12:21.189: [INFO] Profiles total count: 1
2026-08-06 10:12:21.189: [INFO] Profile: name=Profil 1 path=C:\Users\seif9\source\repos\Luminescence v1.03E\Luminescence v1.03E\bin\x64\Debug\Luminescence v1.03E.exe.WebView2\EBWebView\Default lastActive=2026-08-06T10:12:16.744Z
2026-08-06 10:12:21.189: [INFO] LastUsedProfileDir: C:\Users\seif9\source\repos\Luminescence v1.03E\Luminescence v1.03E\bin\x64\Debug\Luminescence v1.03E.exe.WebView2\EBWebView\Default
2026-08-06 10:12:21.189: [INFO] MostRecentlyActiveProfile: name=Profil 1 path=C:\Users\seif9\source\repos\Luminescence v1.03E\Luminescence v1.03E\bin\x64\Debug\Luminescence v1.03E.exe.WebView2\EBWebView\Default lastActive=2026-08-06T10:12:16.744Z
2026-08-06 10:12:21.189: [INFO] OnDoneLoading sync enabled: 0
2026-08-06 10:12:21.189: [INFO] BookmarkModelLoaded, ids_reassigned: 0
2026-08-06 10:12:21.189: [INFO] BookmarksLoadDropped droppedNodes=0
2026-08-06 10:12:21.189: [INFO] BookmarksSnapshot Startup total=0 bar=0 other=0 mobile=0 showBar=0 showBarNTP=1
2026-08-06 10:12:25.201: [INFO] BookmarksSnapshot Shutdown total=0 bar=0 other=0 mobile=0 showBar=0 showBarNTP=1
2026-08-06 10:14:33.495: [INFO] CurrentProfilePath: C:\Users\seif9\source\repos\Luminescence v1.03E\Luminescence v1.03E\bin\x64\Debug\Luminescence v1.03E.exe.WebView2\EBWebView\Default
2026-08-06 10:14:33.495: [INFO] Profiles total count: 1
2026-08-06 10:14:33.495: [INFO] Profile: name=Profil 1 path=C:\Users\seif9\source\repos\Luminescence v1.03E\Luminescence v1.03E\bin\x64\Debug\Luminescence v1.03E.exe.WebView2\EBWebView\Default lastActive=2026-08-06T10:12:16.744Z
2026-08-06 10:14:33.495: [INFO] LastUsedProfileDir: C:\Users\seif9\source\repos\Luminescence v1.03E\Luminescence v1.03E\bin\x64\Debug\Luminescence v1.03E.exe.WebView2\EBWebView\Default
2026-08-06 10:14:33.496: [INFO] MostRecentlyActiveProfile: name=Profil 1 path=C:\Users\seif9\source\repos\Luminescence v1.03E\Luminescence v1.03E\bin\x64\Debug\Luminescence v1.03E.exe.WebView2\EBWebView\Default lastActive=2026-08-06T10:12:16.744Z
2026-08-06 10:14:33.496: [INFO] OnDoneLoading sync enabled: 0
2026-08-06 10:14:33.496: [INFO] BookmarkModelLoaded, ids_reassigned: 0
2026-08-06 10:14:33.496: [INFO] BookmarksLoadDropped droppedNodes=0
2026-08-06 10:14:33.496: [INFO] BookmarksSnapshot Startup total=0 bar=0 other=0 mobile=0 showBar=0 showBarNTP=1
2026-08-06 10:15:00.153: [INFO] BookmarksSnapshot Shutdown total=0 bar=0 other=0 mobile=0 showBar=0 showBarNTP=1
2026-08-06 10:16:54.638: [INFO] CurrentProfilePath: C:\Users\seif9\source\repos\Luminescence v1.03E\Luminescence v1.03E\bin\x64\Debug\Luminescence v1.03E.exe.WebView2\EBWebView\Default
2026-08-06 10:16:54.638: [INFO] Profiles total count: 1
2026-08-06 10:16:54.638: [INFO] Profile: name=Profil 1 path=C:\Users\seif9\source\repos\Luminescence v1.03E\Luminescence v1.03E\bin\x64\Debug\Luminescence v1.03E.exe.WebView2\EBWebView\Default lastActive=2026-08-06T10:14:56.536Z
2026-08-06 10:16:54.638: [INFO] LastUsedProfileDir: C:\Users\seif9\source\repos\Luminescence v1.03E\Luminescence v1.03E\bin\x64\Debug\Luminescence v1.03E.exe.WebView2\EBWebView\Default
2026-08-06 10:16:54.638: [INFO] MostRecentlyActiveProfile: name=Profil 1 path=C:\Users\seif9\source\repos\Luminescence v1.03E\Luminescence v1.03E\bin\x64\Debug\Luminescence v1.03E.exe.WebView2\EBWebView\Default lastActive=2026-08-06T10:14:56.536Z
2026-08-06 10:16:54.638: [INFO] OnDoneLoading sync enabled: 0
2026-08-06 10:16:54.638: [INFO] BookmarkModelLoaded, ids_reassigned: 0
2026-08-06 10:16:54.638: [INFO] BookmarksLoadDropped droppedNodes=0
2026-08-06 10:16:54.638: [INFO] BookmarksSnapshot Startup total=0 bar=0 other=0 mobile=0 showBar=0 showBarNTP=1
2026-08-06 10:17:14.794: [INFO] BookmarksSnapshot Shutdown total=0 bar=0 other=0 mobile=0 showBar=0 showBarNTP=1
2026-08-06 10:17:41.039: [INFO] CurrentProfilePath: C:\Users\seif9\source\repos\Luminescence v1.03E\Luminescence v1.03E\bin\x64\Debug\Luminescence v1.03E.exe.WebView2\EBWebView\Default
2026-08-06 10:17:41.039: [INFO] Profiles total count: 1
2026-08-06 10:17:41.039: [INFO] Profile: name=Profil 1 path=C:\Users\seif9\source\repos\Luminescence v1.03E\Luminescence v1.03E\bin\x64\Debug\Luminescence v1.03E.exe.WebView2\EBWebView\Default lastActive=2026-08-06T10:16:56.107Z
2026-08-06 10:17:41.039: [INFO] LastUsedProfileDir: C:\Users\seif9\source\repos\Luminescence v1.03E\Luminescence v1.03E\bin\x64\Debug\Luminescence v1.03E.exe.WebView2\EBWebView\Default
2026-08-06 10:17:41.039: [INFO] MostRecentlyActiveProfile: name=Profil 1 path=C:\Users\seif9\source\repos\Luminescence v1.03E\Luminescence v1.03E\bin\x64\Debug\Luminescence v1.03E.exe.WebView2\EBWebView\Default lastActive=2026-08-06T10:16:56.107Z
2026-08-06 10:17:41.039: [INFO] OnDoneLoading sync enabled: 0
2026-08-06 10:17:41.039: [INFO] BookmarkModelLoaded, ids_reassigned: 0
2026-08-06 10:17:41.039: [INFO] BookmarksLoadDropped droppedNodes=0
2026-08-06 10:17:41.039: [INFO] BookmarksSnapshot Startup total=0 bar=0 other=0 mobile=0 showBar=0 showBarNTP=1
2026-08-06 10:18:00.177: [INFO] BookmarksSnapshot Shutdown total=0 bar=0 other=0 mobile=0 showBar=0 showBarNTP=1
2026-08-06 10:18:03.127: [INFO] CurrentProfilePath: C:\Users\seif9\source\repos\Luminescence v1.03E\Luminescence v1.03E\bin\x64\Debug\Luminescence v1.03E.exe.WebView2\EBWebView\Default
2026-08-06 10:18:03.127: [INFO] Profiles total count: 1
2026-08-06 10:18:03.127: [INFO] Profile: name=Profil 1 path=C:\Users\seif9\source\repos\Luminescence v1.03E\Luminescence v1.03E\bin\x64\Debug\Luminescence v1.03E.exe.WebView2\EBWebView\Default lastActive=2026-08-06T10:17:47.196Z
2026-08-06 10:18:03.127: [INFO] LastUsedProfileDir: C:\Users\seif9\source\repos\Luminescence v1.03E\Luminescence v1.03E\bin\x64\Debug\Luminescence v1.03E.exe.WebView2\EBWebView\Default
2026-08-06 10:18:03.127: [INFO] MostRecentlyActiveProfile: name=Profil 1 path=C:\Users\seif9\source\repos\Luminescence v1.03E\Luminescence v1.03E\bin\x64\Debug\Luminescence v1.03E.exe.WebView2\EBWebView\Default lastActive=2026-08-06T10:17:47.196Z
2026-08-06 10:18:03.127: [INFO] OnDoneLoading sync enabled: 0
2026-08-06 10:18:03.127: [INFO] BookmarkModelLoaded, ids_reassigned: 0
2026-08-06 10:18:03.127: [INFO] BookmarksLoadDropped droppedNodes=0
2026-08-06 10:18:03.127: [INFO] BookmarksSnapshot Startup total=0 bar=0 other=0 mobile=0 showBar=0 showBarNTP=1
2026-08-06 10:18:11.622: [INFO] BookmarksSnapshot Shutdown total=0 bar=0 other=0 mobile=0 showBar=0 showBarNTP=1
2026-08-06 10:18:16.558: [INFO] CurrentProfilePath: C:\Users\seif9\source\repos\Luminescence v1.03E\Luminescence v1.03E\bin\x64\Debug\Luminescence v1.03E.exe.WebView2\EBWebView\Default
2026-08-06 10:18:16.558: [INFO] Profiles total count: 1
2026-08-06 10:18:16.559: [INFO] Profile: name=Profil 1 path=C:\Users\seif9\source\repos\Luminescence v1.03E\Luminescence v1.03E\bin\x64\Debug\Luminescence v1.03E.exe.WebView2\EBWebView\Default lastActive=2026-08-06T10:18:04.265Z
2026-08-06 10:18:16.559: [INFO] LastUsedProfileDir: C:\Users\seif9\source\repos\Luminescence v1.03E\Luminescence v1.03E\bin\x64\Debug\Luminescence v1.03E.exe.WebView2\EBWebView\Default
2026-08-06 10:18:16.559: [INFO] MostRecentlyActiveProfile: name=Profil 1 path=C:\Users\seif9\source\repos\Luminescence v1.03E\Luminescence v1.03E\bin\x64\Debug\Luminescence v1.03E.exe.WebView2\EBWebView\Default lastActive=2026-08-06T10:18:04.265Z
2026-08-06 10:18:16.559: [INFO] OnDoneLoading sync enabled: 0
2026-08-06 10:18:16.559: [INFO] BookmarkModelLoaded, ids_reassigned: 0
2026-08-06 10:18:16.559: [INFO] BookmarksLoadDropped droppedNodes=0
2026-08-06 10:18:16.559: [INFO] BookmarksSnapshot Startup total=0 bar=0 other=0 mobile=0 showBar=0 showBarNTP=1
2026-08-06 10:18:18.902: [INFO] BookmarksSnapshot Shutdown total=0 bar=0 other=0 mobile=0 showBar=0 showBarNTP=1
2026-08-06 10:18:24.279: [INFO] CurrentProfilePath: C:\Users\seif9\source\repos\Luminescence v1.03E\Luminescence v1.03E\bin\x64\Debug\Luminescence v1.03E.exe.WebView2\EBWebView\Default
2026-08-06 10:18:24.279: [INFO] Profiles total count: 1
2026-08-06 10:18:24.279: [INFO] Profile: name=Profil 1 path=C:\Users\seif9\source\repos\Luminescence v1.03E\Luminescence v1.03E\bin\x64\Debug\Luminescence v1.03E.exe.WebView2\EBWebView\Default lastActive=2026-08-06T10:18:04.265Z
2026-08-06 10:18:24.279: [INFO] LastUsedProfileDir: C:\Users\seif9\source\repos\Luminescence v1.03E\Luminescence v1.03E\bin\x64\Debug\Luminescence v1.03E.exe.WebView2\EBWebView\Default
2026-08-06 10:18:24.279: [INFO] MostRecentlyActiveProfile: name=Profil 1 path=C:\Users\seif9\source\repos\Luminescence v1.03E\Luminescence v1.03E\bin\x64\Debug\Luminescence v1.03E.exe.WebView2\EBWebView\Default lastActive=2026-08-06T10:18:04.265Z
2026-08-06 10:18:24.279: [INFO] OnDoneLoading sync enabled: 0
2026-08-06 10:18:24.279: [INFO] BookmarkModelLoaded, ids_reassigned: 0
2026-08-06 10:18:24.279: [INFO] BookmarksLoadDropped droppedNodes=0
2026-08-06 10:18:24.279: [INFO] BookmarksSnapshot Startup total=0 bar=0 other=0 mobile=0 showBar=0 showBarNTP=1
2026-08-06 10:18:32.337: [INFO] BookmarksSnapshot Shutdown total=0 bar=0 other=0 mobile=0 showBar=0 showBarNTP=1
2026-08-06 10:18:50.680: [INFO] CurrentProfilePath: C:\Users\seif9\source\repos\Luminescence v1.03E\Luminescence v1.03E\bin\x64\Debug\Luminescence v1.03E.exe.WebView2\EBWebView\Default
2026-08-06 10:18:50.680: [INFO] Profiles total count: 1
2026-08-06 10:18:50.680: [INFO] Profile: name=Profil 1 path=C:\Users\seif9\source\repos\Luminescence v1.03E\Luminescence v1.03E\bin\x64\Debug\Luminescence v1.03E.exe.WebView2\EBWebView\Default lastActive=2026-08-06T10:18:26.922Z
2026-08-06 10:18:50.680: [INFO] LastUsedProfileDir: C:\Users\seif9\source\repos\Luminescence v1.03E\Luminescence v1.03E\bin\x64\Debug\Luminescence v1.03E.exe.WebView2\EBWebView\Default
2026-08-06 10:18:50.680: [INFO] MostRecentlyActiveProfile: name=Profil 1 path=C:\Users\seif9\source\repos\Luminescence v1.03E\Luminescence v1.03E\bin\x64\Debug\Luminescence v1.03E.exe.WebView2\EBWebView\Default lastActive=2026-08-06T10:18:26.922Z
2026-08-06 10:18:50.680: [INFO] OnDoneLoading sync enabled: 0
2026-08-06 10:18:50.680: [INFO] BookmarkModelLoaded, ids_reassigned: 0
2026-08-06 10:18:50.680: [INFO] BookmarksLoadDropped droppedNodes=0
2026-08-06 10:18:50.680: [INFO] BookmarksSnapshot Startup total=0 bar=0 other=0 mobile=0 showBar=0 showBarNTP=1
2026-08-06 10:21:01.424: [INFO] BookmarksSnapshot Shutdown total=0 bar=0 other=0 mobile=0 showBar=0 showBarNTP=1
2026-08-06 10:22:50.193: [INFO] CurrentProfilePath: C:\Users\seif9\source\repos\Luminescence v1.03E\Luminescence v1.03E\bin\x64\Debug\Luminescence v1.03E.exe.WebView2\EBWebView\Default
2026-08-06 10:22:50.193: [INFO] Profiles total count: 1
2026-08-06 10:22:50.194: [INFO] Profile: name=Profil 1 path=C:\Users\seif9\source\repos\Luminescence v1.03E\Luminescence v1.03E\bin\x64\Debug\Luminescence v1.03E.exe.WebView2\EBWebView\Default lastActive=2026-08-06T10:20:58.529Z
2026-08-06 10:22:50.194: [INFO] LastUsedProfileDir: C:\Users\seif9\source\repos\Luminescence v1.03E\Luminescence v1.03E\bin\x64\Debug\Luminescence v1.03E.exe.WebView2\EBWebView\Default
2026-08-06 10:22:50.194: [INFO] MostRecentlyActiveProfile: name=Profil 1 path=C:\Users\seif9\source\repos\Luminescence v1.03E\Luminescence v1.03E\bin\x64\Debug\Luminescence v1.03E.exe.WebView2\EBWebView\Default lastActive=2026-08-06T10:20:58.529Z
2026-08-06 10:22:50.194: [INFO] OnDoneLoading sync enabled: 0
2026-08-06 10:22:50.194: [INFO] BookmarkModelLoaded, ids_reassigned: 0
2026-08-06 10:22:50.194: [INFO] BookmarksLoadDropped droppedNodes=0
2026-08-06 10:22:50.194: [INFO] BookmarksSnapshot Startup total=0 bar=0 other=0 mobile=0 showBar=0 showBarNTP=1
2026-08-06 10:22:56.819: [INFO] BookmarksSnapshot Shutdown total=0 bar=0 other=0 mobile=0 showBar=0 showBarNTP=1
